date,location,season,pm25,pm10,temperature,humidity,wind_speed,rainfall,traffic_index,station_id
2024-01-01,Urban,Winter,18.04,33.29,22.67,71.7,4.33,0.0,46.6,URB-100
2024-01-02,Urban,Winter,39.99,64.19,20.12,88.6,4.4,0.0,83.5,URB-101
2024-01-03,Urban,Winter,35.61,67.5,23.93,78.8,2.28,2.19,84.7,URB-102
2024-01-04,Urban,Winter,,51.27,22.8,83.2,3.53,5.77,65.1,URB-103
2024-01-05,Urban,Winter,,87.83,21.75,73.8,1.33,0.0,78.9,URB-100
2024-01-06,Urban,Winter,,65.79,22.48,87.1,3.06,0.0,70.8,URB-101
2024-01-07,Urban,Winter,,82.8,20.97,75.9,2.12,0.0,59.6,URB-102
2024-01-08,Urban,Winter,44.89,69.31,23.29,85.3,4.44,0.0,64.5,URB-103
2024-01-09,Urban,Winter,36.6,66.71,19.98,85.6,2.9,1.74,64.9,URB-100
2024-01-10,Urban,Winter,30.51,55.82,20.54,78.4,1.95,1.68,75.8,URB-101
2024-01-11,Urban,Winter,18.68,22.71,23.46,78.7,1.88,1.4,49.8,URB-102
2024-01-12,Urban,Winter,21.67,29.72,20.01,78.6,5.97,0.0,78.9,URB-103
2024-01-13,Urban,Winter,18.1,32.29,23.85,65.5,3.54,0.4,62.9,URB-100
2024-01-14,Urban,Winter,38.96,72.19,22.05,93.2,2.18,1.14,72.2,URB-101
2024-01-15,Urban,Winter,21.09,37.14,25.22,69.0,1.57,0.0,65.3,URB-102
2024-01-16,Urban,Winter,39.84,61.06,19.77,84.2,4.57,0.61,100.0,URB-103
2024-01-17,Urban,Winter,38.5,52.5,20.21,78.2,1.61,0.0,82.8,URB-100
2024-01-18,Urban,Winter,25.98,35.74,20.93,80.6,7.66,0.0,81.8,URB-101
2024-01-19,Urban,Winter,41.06,72.08,26.68,71.0,4.57,0.0,81.2,URB-102
2024-01-20,Urban,Winter,34.59,67.52,22.98,76.2,2.96,0.32,71.9,URB-103
2024-01-21,Urban,Winter,20.22,39.98,21.1,140.0,3.52,9.34,72.2,URB-100
2024-01-22,Urban,Winter,22.61,41.99,21.61,77.6,6.52,0.0,86.9,URB-101
2024-01-23,Urban,Winter,8.5,10.7,21.64,83.3,6.34,0.0,77.7,URB-102
2024-01-24,Urban,Winter,27.65,49.55,20.07,78.9,4.79,2.23,70.4,URB-103
2024-01-25,Urban,Winter,40.03,59.47,24.94,77.4,1.5,0.37,72.9,URB-100
2024-01-26,Urban,Winter,30.97,49.78,27.54,92.1,1.3,0.0,52.4,URB-101
2024-01-27,Urban,Winter,24.79,37.22,20.56,64.1,2.31,0.0,63.6,URB-102
2024-01-28,Urban,Winter,26.06,49.03,26.68,67.3,1.03,9.37,100.0,URB-103
2024-01-29,Urban,Winter,31.86,45.99,19.83,79.7,4.4,0.0,65.5,URB-100
2024-01-30,Urban,Winter,39.54,69.31,22.51,75.7,3.62,0.0,71.9,URB-101
2024-01-31,Urban,Winter,22.04,37.92,22.7,79.2,9.01,0.0,74.6,URB-102
2024-02-01,Urban,Winter,41.91,85.05,24.62,80.9,3.64,0.58,81.1,URB-103
2024-02-02,Urban,Winter,53.79,91.56,22.12,78.0,2.42,0.06,71.8,URB-100
2024-02-03,Urban,Winter,20.31,32.01,22.65,77.0,0.49,0.0,90.7,URB-101
2024-02-04,Urban,Winter,47.43,92.89,19.68,79.1,5.97,1.63,90.8,URB-102
2024-02-05,Urban,Winter,22.79,42.03,23.82,76.9,2.74,6.03,81.9,URB-103
2024-02-06,Urban,Winter,21.01,48.74,23.65,94.0,4.28,2.83,69.2,URB-100
2024-02-07,Urban,Winter,38.65,72.44,20.46,73.2,2.68,0.0,61.9,URB-101
2024-02-08,Urban,Winter,27.19,32.43,22.67,80.6,3.49,7.86,45.2,URB-102
2024-02-09,Urban,Winter,40.27,79.23,22.81,86.7,1.67,0.0,82.8,URB-103
2024-02-10,Urban,Winter,-5.0,59.4,21.68,79.4,3.42,0.0,57.3,URB-100
2024-02-11,Urban,Winter,46.56,80.69,22.45,86.9,2.64,0.0,80.3,URB-101
2024-02-12,Urban,Winter,16.42,18.38,17.59,95.9,1.83,0.0,85.7,URB-102
2024-02-13,Urban,Winter,35.15,58.49,22.97,84.0,3.18,3.21,42.3,URB-103
2024-02-14,Urban,Winter,33.06,68.36,22.3,86.3,3.08,0.0,61.5,URB-100
2024-02-15,Urban,Winter,19.8,19.36,23.15,77.6,2.39,0.0,46.1,URB-101
2024-02-16,Urban,Winter,36.01,53.07,23.65,77.1,3.01,7.12,85.9,URB-102
2024-02-17,Urban,Winter,31.94,69.19,22.2,73.6,1.63,0.0,59.3,URB-103
2024-02-18,Urban,Winter,45.5,63.95,22.86,71.6,3.63,0.0,48.0,URB-100
2024-02-19,Urban,Winter,51.68,75.86,20.56,84.7,2.27,5.4,74.3,URB-101
2024-02-20,urban,Winter,58.56,87.22,21.27,89.8,3.42,0.0,74.2,URB-102
2024-02-21,Urban ,Winter,26.3,30.47,24.37,72.2,3.3,0.0,73.8,URB-103
2024-02-22,Urban,Winter,34.57,63.97,20.99,78.7,8.35,0.11,58.5,URB-100
2024-02-23,Urban,Winter,65.42,122.24,23.36,76.9,5.22,0.0,70.1,URB-101
2024-02-24,Urban,Winter,26.57,49.45,23.28,79.2,2.3,2.99,75.2,URB-102
2024-02-25,Urban,Winter,48.16,90.79,24.39,81.9,2.1,0.0,66.3,URB-103
2024-02-26,Urban,Winter,2.0,16.24,18.71,93.3,4.73,1.61,52.0,URB-100
2024-02-27,Urban,Winter,36.04,57.46,20.77,84.9,0.62,3.01,71.2,URB-101
2024-02-28,Urban,Winter,47.26,77.87,20.49,88.5,7.13,0.0,59.3,URB-102
2024-02-29,Urban,Winter,25.07,53.28,25.2,79.5,3.14,0.0,65.7,URB-103
2024-03-01,Urban,Spring,15.14,31.38,28.4,72.2,5.48,0.0,60.6,URB-100
2024-03-02,Urban,Spring,45.42,93.22,26.44,76.5,3.02,0.78,78.5,URB-101
2024-03-03,Urban,Spring,24.12,39.62,31.48,74.0,2.07,0.0,57.6,URB-102
2024-03-04,Urban,Spring,46.83,63.12,26.84,80.2,2.71,2.29,80.8,URB-103
2024-03-05,Urban,Spring,39.65,89.44,27.41,65.6,2.49,6.49,59.2,URB-100
2024-03-06,Urban,Spring,62.19,102.03,26.44,80.6,2.09,0.41,78.6,URB-101
2024-03-07,Urban,Spring,22.18,40.52,30.54,65.5,3.12,3.88,50.2,URB-102
2024-03-08,Urban,Spring,30.06,61.67,27.53,62.9,3.73,3.58,85.3,URB-103
2024-03-09,Urban,Spring,20.06,34.92,27.99,63.3,3.78,0.0,72.8,URB-100
2024-03-10,Urban,Spring,39.11,65.75,28.57,78.4,1.61,1.83,64.7,URB-101
2024-03-11,Urban,Spring,52.37,102.58,25.83,74.8,6.18,0.0,41.0,URB-102
2024-03-12,Urban,Spring,44.25,87.68,26.32,75.5,2.27,11.32,77.0,URB-103
2024-03-13,Urban,Spring,38.99,88.81,27.38,74.5,2.35,0.0,49.2,URB-100
2024-03-14,Urban,Spring,39.52,63.21,30.67,66.4,3.91,0.0,59.6,URB-101
2024-03-15,Urban,Spring,17.77,33.57,26.96,70.2,2.01,0.0,49.5,URB-102
2024-03-16,Urban,Spring,43.77,89.99,28.73,78.5,1.47,1.52,80.0,URB-103
2024-03-17,Urban,Spring,30.81,58.2,27.85,75.6,4.51,0.0,85.0,URB-100
2024-03-18,Urban,Spring,37.55,68.71,25.95,84.4,6.65,0.0,64.9,URB-101
2024-03-19,Urban,Spring,35.99,57.03,25.18,72.2,0.21,0.0,59.0,URB-102
2024-03-20,Urban,Spring,36.37,61.46,26.87,85.9,1.16,3.21,76.7,URB-103
2024-03-21,Urban,Spring,44.5,81.51,24.72,78.7,2.23,0.0,51.2,URB-100
2024-03-22,Urban,Spring,44.21,84.99,29.48,57.7,0.67,0.0,87.5,URB-101
2024-03-23,Urban,Spring,39.04,63.84,27.99,77.3,3.81,0.0,73.3,URB-102
2024-03-24,Urban,Spring,33.67,76.24,22.06,88.4,5.61,2.1,47.7,URB-103
2024-03-25,Urban,Spring,61.34,133.84,26.18,70.7,2.64,0.0,57.8,URB-100
2024-03-26,Urban,Spring,46.74,69.69,28.88,81.4,3.55,0.0,77.6,URB-101
2024-03-27,Urban,Spring,56.33,120.71,27.18,72.8,0.85,0.0,90.7,URB-102
2024-03-28,Urban,Spring,35.78,59.49,27.45,68.4,3.45,4.37,54.4,URB-103
2024-03-29,Urban,Spring,35.15,44.21,27.03,79.4,2.7,2.07,57.0,URB-100
2024-03-30,Urban,Spring,50.97,76.19,27.86,62.6,2.39,0.0,82.7,URB-101
2024-03-31,Urban,Spring,20.22,35.33,27.76,80.0,5.93,0.0,68.4,URB-102
2024-04-01,Urban,Spring,33.19,63.69,25.73,80.2,1.76,0.0,73.7,URB-103
2024-04-02,Urban,Spring,37.9,62.54,25.94,89.5,0.96,6.29,47.7,URB-100
2024-04-03,Urban,Spring,22.9,43.21,21.12,84.1,6.88,7.56,65.4,URB-101
2024-04-04,Urban,Spring,34.37,59.44,31.04,72.3,8.21,18.07,91.0,URB-102
2024-04-05,Urban,Spring,47.04,79.67,28.87,70.6,4.94,0.0,64.1,URB-103
2024-04-06,Urban,Spring,40.02,67.97,27.74,80.4,1.15,0.0,69.3,URB-100
2024-04-07,Urban,Spring,45.51,75.05,26.1,73.3,2.53,0.0,57.9,URB-101
2024-04-08,Urban,Spring,49.25,96.95,26.97,75.6,2.42,0.0,72.7,URB-102
2024-04-09,Urban,Spring,27.51,46.91,27.64,87.0,1.87,0.0,49.6,URB-103
2024-04-10,Urban,Spring,20.07,34.3,26.31,86.2,1.52,0.0,75.7,URB-100
2024-04-11,Urban,Spring,33.98,63.95,30.49,70.3,8.87,1.38,54.7,URB-101
2024-04-12,Urban,Spring,43.26,58.68,28.22,71.7,4.99,0.0,87.2,URB-102
2024-04-13,Urban,Spring,36.68,63.97,25.09,79.5,1.67,0.0,92.6,URB-103
2024-04-14,Urban,Spring,42.52,65.27,27.01,81.0,5.54,4.64,73.7,URB-100
2024-04-15,Urban,Spring,40.73,73.86,28.91,77.9,4.7,0.0,84.4,URB-101
2024-04-16,Urban,Spring,25.9,44.02,27.84,47.7,0.51,0.0,75.7,URB-102
2024-04-17,Urban,Spring,26.69,49.13,31.93,74.4,3.47,0.0,71.6,URB-103
2024-04-18,Urban,Spring,34.23,60.42,26.44,71.8,4.81,0.0,66.6,URB-100
2024-04-19,Urban,Spring,43.18,71.95,24.71,87.6,1.9,3.41,75.3,URB-101
2024-04-20,Urban,Spring,33.44,61.29,27.82,82.0,0.74,9.77,66.4,URB-102
2024-04-21,Urban,Spring,39.67,66.88,29.89,74.8,3.35,0.0,71.5,URB-103
2024-04-22,Urban,Spring,33.15,63.69,26.09,83.0,2.62,0.0,78.0,URB-100
2024-04-23,Urban,Spring,40.44,62.72,30.17,71.5,0.55,2.72,57.7,URB-101
2024-04-24,Urban,Spring,31.67,58.04,27.75,79.5,3.48,0.0,44.7,URB-102
2024-04-25,Urban,Spring,32.02,69.36,29.3,85.5,3.02,0.0,75.8,URB-103
2024-04-26,Urban,Spring,40.98,62.66,28.77,81.8,1.18,0.0,78.4,URB-100
2024-04-27,Urban,Spring,38.49,59.95,28.19,69.0,3.54,7.83,67.6,URB-101
2024-04-28,Urban,Spring,54.9,113.89,27.33,80.5,2.85,0.0,68.2,URB-102
2024-04-29,Urban,Spring,34.38,49.77,26.87,68.9,3.58,0.0,69.1,URB-103
2024-04-30,Urban,Spring,51.08,73.24,24.99,80.4,6.04,1.6,63.0,URB-100
2024-05-01,Urban,Spring,45.23,73.74,27.14,78.2,1.91,0.0,51.5,URB-101
2024-05-02,Urban,Spring,50.27,87.24,28.75,77.8,2.49,2.68,75.9,URB-102
2024-05-03,Urban,Spring,29.07,53.38,28.32,80.8,1.03,7.92,53.7,URB-103
2024-05-04,Urban,Spring,51.39,79.23,26.4,68.5,2.18,0.0,70.9,URB-100
2024-05-05,Urban,Spring,35.57,69.79,27.99,76.8,1.43,0.0,67.8,URB-101
2024-05-06,Urban,Spring,35.14,67.65,22.39,73.0,2.14,0.0,86.6,URB-102
2024-05-07,Urban,Spring,26.05,53.63,26.8,77.5,7.47,1.84,46.0,URB-103
2024-05-08,Urban,Spring,39.1,76.12,26.15,86.1,5.12,0.0,81.6,URB-100
2024-05-09,Urban,Spring,34.54,47.81,27.0,89.2,0.2,0.0,55.8,URB-101
2024-05-10,Urban,Spring,18.81,32.16,25.11,98.2,7.8,0.0,65.6,URB-102
2024-05-11,Urban,Spring,43.71,75.1,26.81,64.7,1.41,0.0,74.4,URB-103
2024-05-12,Urban,Spring,47.13,103.01,28.39,76.5,0.77,5.05,74.4,URB-100
2024-05-13,Urban,Spring,21.06,27.34,26.44,83.7,8.33,0.0,55.3,URB-101
2024-05-14,Urban,Spring,28.48,52.38,25.93,81.4,2.42,0.79,61.9,URB-102
2024-05-15,Urban,Spring,20.6,19.25,28.95,72.3,2.27,0.0,38.2,URB-103
2024-05-16,Urban,Spring,25.58,46.64,29.91,75.3,5.94,0.0,79.4,URB-100
2024-05-17,Urban,Spring,39.17,61.78,28.23,81.2,1.7,0.0,55.8,URB-101
2024-05-18,Urban,Spring,54.32,96.82,28.26,81.6,6.85,0.0,58.0,URB-102
2024-05-19,Urban,Spring,56.27,98.47,26.09,63.5,2.3,0.0,81.6,URB-103
2024-05-20,Urban,Spring,48.92,85.78,25.62,84.4,2.54,0.0,64.2,URB-100
2024-05-21,Urban,Spring,46.08,73.46,26.89,76.5,1.32,0.0,77.8,URB-101
2024-05-22,Urban,Spring,43.1,67.11,27.82,71.9,2.66,0.0,89.4,URB-102
2024-05-23,Urban,Spring,34.97,62.21,22.57,86.4,2.73,0.02,54.1,URB-103
2024-05-24,Urban,Spring,20.68,35.55,26.03,74.8,0.29,0.0,80.1,URB-100
2024-05-25,Urban,Spring,6.66,18.32,27.12,60.7,3.97,0.0,67.0,URB-101
2024-05-26,Urban,Spring,42.86,85.21,26.24,68.4,4.47,1.26,74.8,URB-102
2024-05-27,Urban,Spring,18.66,31.49,23.73,88.9,1.41,0.76,69.7,URB-103
2024-05-28,Urban,Spring,44.97,77.77,23.5,78.5,4.31,10.16,57.1,URB-100
2024-05-29,Urban,Spring,35.18,47.5,28.03,82.0,11.98,0.0,60.4,URB-101
2024-05-30,Urban,Spring,37.23,70.05,32.08,77.0,1.45,1.12,68.7,URB-102
2024-05-31,Urban,Spring,36.34,66.77,31.21,78.6,1.96,0.0,65.1,URB-103
2024-06-01,Urban,Summer,54.71,96.12,32.9,70.8,3.4,3.97,85.9,URB-100
2024-06-02,Urban,Summer,41.79,92.16,31.89,61.6,2.57,6.36,76.7,URB-101
2024-06-03,Urban,Summer,52.08,77.42,24.69,76.2,2.31,0.0,71.1,URB-102
2024-06-04,Urban,Summer,60.55,93.13,29.52,87.7,1.71,2.45,47.5,URB-103
2024-06-05,Urban,Summer,31.15,57.28,27.9,86.3,2.04,2.91,64.1,URB-100
2024-06-06,Urban,Summer,53.86,84.27,30.98,79.1,1.89,12.38,51.2,URB-101
2024-06-07,Urban,Summer,44.31,72.88,33.19,81.5,2.67,0.0,67.5,URB-102
2024-06-08,Urban,Summer,27.18,31.92,32.81,81.3,4.08,0.42,66.7,URB-103
2024-06-09,Urban,Summer,20.22,30.82,30.82,71.6,5.4,0.74,74.3,URB-100
2024-06-10,Urban,Summer,47.18,85.48,36.12,84.1,2.07,7.8,66.1,URB-101
2024-06-11,Urban,Summer,50.53,100.45,30.75,93.5,2.79,1.76,74.3,URB-102
2024-06-12,Urban,Summer,19.2,34.27,33.17,74.0,0.84,0.0,52.9,URB-103
2024-06-13,Urban,Summer,32.03,51.53,26.03,76.5,2.31,2.38,52.5,URB-100
2024-06-14,Urban,Summer,21.67,33.46,31.25,77.5,4.4,0.0,80.5,URB-101
2024-06-15,Urban,Summer,43.52,87.27,30.95,70.0,1.05,0.0,56.8,URB-102
2024-06-16,Urban,Summer,41.69,65.18,29.75,70.8,6.06,10.99,67.5,URB-103
2024-06-17,Urban,Summer,16.89,29.09,31.29,75.4,3.81,6.87,46.0,URB-100
2024-06-18,Urban,Summer,37.78,79.22,30.31,59.9,0.86,6.19,67.2,URB-101
2024-06-19,Urban,Summer,49.73,108.79,30.63,58.1,3.98,0.0,73.7,URB-102
2024-06-20,Urban,Summer,50.65,84.62,32.65,60.5,1.21,7.18,66.9,URB-103
2024-06-21,Urban,Summer,21.24,27.69,30.48,61.1,1.36,0.0,74.7,URB-100
2024-06-22,Urban,Summer,37.57,77.31,27.97,71.8,1.45,0.0,79.7,URB-101
2024-06-23,Urban,Summer,47.8,81.52,28.48,69.0,1.58,0.0,71.9,URB-102
2024-06-24,Urban,Summer,53.16,113.15,31.75,74.4,0.7,6.14,70.4,URB-103
2024-06-25,Urban,Summer,10.79,11.6,30.66,79.6,1.49,0.0,50.5,URB-100
2024-06-26,Urban,Summer,43.83,74.93,27.95,65.6,2.29,8.47,74.5,URB-101
2024-06-27,Urban,Summer,31.41,56.72,28.65,76.0,5.43,0.17,52.9,URB-102
2024-06-28,Urban,Summer,39.29,83.62,30.52,72.2,3.2,16.49,69.5,URB-103
2024-06-29,Urban,Summer,47.77,74.89,27.09,79.9,1.41,5.79,70.6,URB-100
2024-06-30,Urban,Summer,25.95,50.05,25.84,90.8,3.4,0.7,55.4,URB-101
2024-07-01,Urban,Summer,20.21,27.83,33.39,59.4,4.95,2.89,67.6,URB-102
2024-07-02,Urban,Summer,29.61,66.75,27.72,77.4,2.39,2.22,67.9,URB-103
2024-07-03,Urban,Summer,48.38,110.75,30.15,73.6,0.62,0.0,48.9,URB-100
2024-07-04,Urban,Summer,36.67,55.14,30.77,89.5,5.62,0.0,72.7,URB-101
2024-07-05,Urban,Summer,48.0,85.7,27.48,78.2,3.57,0.0,50.6,URB-102
2024-07-06,Urban,Summer,45.91,93.32,27.7,68.8,1.71,0.0,62.3,URB-103
2024-07-07,Urban,Summer,26.01,43.75,32.92,69.6,0.61,13.25,63.6,URB-100
2024-07-08,Urban,Summer,11.14,29.25,27.18,78.9,1.0,0.0,71.7,URB-101
2024-07-09,Urban,Summer,45.91,63.75,31.57,82.9,2.31,0.0,42.7,URB-102
2024-07-10,Urban,Summer,21.28,40.47,29.72,71.5,3.95,5.76,82.6,URB-103
2024-07-11,Urban,Summer,38.72,70.45,31.21,67.3,1.73,0.0,70.5,URB-100
2024-07-12,Urban,Summer,40.98,69.16,29.86,83.0,0.77,2.04,60.2,URB-101
2024-07-13,Urban,Summer,33.24,47.71,28.11,82.1,1.39,0.0,73.8,URB-102
2024-07-14,Urban,Summer,64.47,118.74,29.56,71.3,5.33,0.0,90.5,URB-103
2024-07-15,Urban,Summer,24.97,34.25,29.29,71.0,1.07,15.86,68.3,URB-100
2024-07-16,Urban,Summer,44.25,78.24,30.01,76.2,0.84,0.0,83.4,URB-101
2024-07-17,Urban,Summer,47.71,87.98,34.22,79.5,2.8,0.0,58.2,URB-102
2024-07-18,Urban,Summer,37.43,69.99,31.66,82.7,0.55,0.0,73.3,URB-103
2024-07-19,Urban,Summer,36.09,61.4,30.67,70.7,1.85,0.0,75.3,URB-100
2024-07-20,Urban,Summer,14.57,23.3,32.05,74.4,2.69,0.02,46.6,URB-101
2024-07-21,Urban,Summer,11.44,29.6,29.98,80.9,4.83,2.87,66.9,URB-102
2024-07-22,Urban,Summer,33.53,65.97,29.06,81.6,4.63,0.0,59.5,URB-103
2024-07-23,Urban,Summer,56.79,89.83,31.91,79.1,2.79,0.0,66.9,URB-100
2024-07-24,Urban,Summer,27.72,42.52,32.93,61.9,0.82,0.0,70.4,URB-101
2024-07-25,Urban,Summer,35.58,72.93,31.51,72.3,4.12,0.0,61.7,URB-102
2024-07-26,Urban,Summer,38.57,62.21,32.44,65.5,6.35,0.0,73.5,URB-103
2024-07-27,Urban,Summer,26.52,49.95,31.52,81.7,1.68,9.85,55.7,URB-100
2024-07-28,Urban,Summer,39.76,69.22,34.14,60.1,4.26,0.0,64.5,URB-101
2024-07-29,Urban,Summer,24.15,36.63,31.44,62.2,3.8,0.0,60.6,URB-102
2024-07-30,Urban,Summer,50.99,103.91,27.59,80.7,1.84,2.71,63.3,URB-103
2024-07-31,Urban,Summer,28.75,54.09,28.45,76.8,2.91,0.0,75.2,URB-100
2024-08-01,Urban,Summer,22.97,38.5,33.62,49.0,1.6,0.0,66.2,URB-101
2024-08-02,Urban,Summer,51.07,69.15,33.48,73.1,0.93,0.0,57.8,URB-102
2024-08-03,Urban,Summer,25.84,36.55,29.1,86.5,0.79,0.0,69.6,URB-103
2024-08-04,Urban,Summer,30.96,46.35,31.21,65.1,0.27,11.01,48.4,URB-100
2024-08-05,Urban,Summer,28.59,42.94,31.12,76.9,0.48,0.0,72.6,URB-101
2024-08-06,Urban,Summer,30.45,44.84,29.71,77.1,1.57,0.0,67.2,URB-102
2024-08-07,Urban,Summer,59.43,102.6,30.05,81.9,2.19,0.0,71.3,URB-103
2024-08-08,Urban,Summer,38.41,64.1,31.48,87.3,3.66,0.0,63.3,URB-100
2024-08-09,Urban,Summer,46.92,71.25,31.44,68.6,1.35,0.0,74.7,URB-101
2024-08-10,Urban,Summer,35.22,62.45,31.86,76.9,2.44,0.51,96.6,URB-102
2024-08-11,Urban,Summer,46.22,89.11,27.91,85.8,2.44,2.95,84.3,URB-103
2024-08-12,Urban,Summer,45.37,93.14,30.98,87.7,2.93,0.0,62.1,URB-100
2024-08-13,Urban,Summer,9.64,13.74,31.29,74.3,0.8,6.85,76.8,URB-101
2024-08-14,Urban,Summer,34.03,46.99,29.91,80.9,1.93,0.77,78.8,URB-102
2024-08-15,Urban,Summer,22.53,43.04,33.03,79.1,8.26,0.0,53.5,URB-103
2024-08-16,Urban,Summer,45.26,86.47,28.53,82.6,0.9,0.0,100.0,URB-100
2024-08-17,Urban,Summer,44.77,78.53,29.67,67.1,0.71,4.79,73.3,URB-101
2024-08-18,Urban,Summer,14.78,23.8,30.93,79.3,2.26,0.0,53.1,URB-102
2024-08-19,Urban,Summer,45.72,71.26,30.92,75.5,0.28,5.13,74.9,URB-103
2024-08-20,Urban,Summer,42.84,85.95,32.71,73.2,1.82,3.91,75.6,URB-100
2024-08-21,Urban,Summer,54.99,98.06,31.21,81.2,4.66,0.0,48.3,URB-101
2024-08-22,Urban,Summer,30.15,49.99,32.7,71.7,1.75,1.98,57.4,URB-102
2024-08-23,Urban,Summer,40.19,85.28,33.0,75.4,3.67,2.33,70.8,URB-103
2024-08-24,Urban,Summer,65.52,119.79,31.1,68.5,2.74,5.41,72.3,URB-100
2024-08-25,Urban,Summer,34.96,66.06,31.22,93.6,1.95,0.91,60.4,URB-101
2024-08-26,Urban,Summer,32.03,41.44,33.77,72.6,2.03,4.62,74.7,URB-102
2024-08-27,Urban,Summer,25.46,54.6,30.2,76.5,2.49,1.0,59.8,URB-103
2024-01-01,Rural,Winter,21.14,39.75,20.22,86.9,1.43,6.48,6.7,RUR-100
2024-01-02,Rural,Winter,9.7,10.32,28.19,63.0,1.44,1.01,7.8,RUR-101
2024-01-03,Rural,Winter,25.21,37.54,22.11,84.2,3.71,0.0,13.5,RUR-102
2024-01-04,Rural,Winter,16.74,22.26,18.17,82.8,2.39,0.0,42.1,RUR-103
2024-01-05,Rural,Winter,14.01,20.31,22.08,81.7,0.43,0.0,18.2,RUR-100
2024-01-06,Rural,Winter,13.84,17.77,22.2,85.1,5.27,3.74,12.5,RUR-101
2024-01-07,Rural,Winter,10.28,14.79,24.16,89.4,7.7,0.0,18.2,RUR-102
2024-01-08,Rural,Winter,14.27,28.43,22.2,74.1,2.78,12.12,4.8,RUR-103
2024-01-09,Rural,Winter,10.3,14.9,22.61,83.9,1.05,0.0,37.0,RUR-100
2024-01-10,Rural,Winter,15.23,21.4,20.01,79.2,5.74,0.0,1.3,RUR-101
2024-01-11,Rural,Winter,14.61,30.6,20.36,80.9,5.54,0.0,17.0,RUR-102
2024-01-12,Rural,Winter,6.12,9.24,22.73,81.9,5.29,1.87,0.0,RUR-103
2024-01-13,Rural,Winter,16.69,27.31,23.74,84.2,2.22,4.45,12.5,RUR-100
2024-01-14,Rural,Winter,2.83,5.17,22.28,55.7,0.85,5.63,11.4,RUR-101
2024-01-15,Rural,Winter,20.18,31.47,22.61,83.7,3.37,5.85,45.3,RUR-102
2024-01-16,Rural,Winter,9.0,11.63,24.65,75.4,5.53,0.0,48.9,RUR-103
2024-01-17,Rural,Winter,24.78,49.83,20.04,59.5,1.87,0.57,12.1,RUR-100
2024-01-18,Rural,Winter,13.75,23.81,23.82,81.5,6.2,12.41,24.0,RUR-101
2024-01-19,Rural,Winter,2.0,5.0,21.41,84.1,5.83,7.82,18.1,RUR-102
2024-01-20,Rural,Winter,14.69,21.47,22.37,88.2,1.24,15.6,21.1,RUR-103
2024-01-21,Rural,Winter,2.0,6.87,23.84,87.7,4.58,0.0,15.7,RUR-100
2024-01-22,Rural,Winter,14.22,28.39,21.61,75.1,6.67,0.0,25.8,RUR-101
2024-01-23,Rural,Winter,21.57,43.15,17.19,84.5,3.28,1.88,36.9,RUR-102
2024-01-24,Rural,Winter,17.5,24.83,27.57,88.9,5.39,0.0,7.4,RUR-103
2024-01-25,Rural,Winter,16.55,30.58,25.5,75.5,0.2,3.74,9.6,RUR-100
2024-01-26,Rural,Winter,14.31,24.19,18.63,78.3,4.15,0.0,0.0,RUR-101
2024-01-27,Rural,Winter,10.28,14.07,23.55,66.2,3.25,2.53,4.1,RUR-102
2024-01-28,Rural,Winter,2.36,5.0,21.02,88.8,3.19,0.0,7.6,RUR-103
2024-01-29,Rural,Winter,15.53,24.47,20.82,73.9,6.93,0.0,0.7,RUR-100
2024-01-30,Rural,Winter,13.97,26.62,23.36,61.0,0.43,11.64,36.6,RUR-101
2024-01-31,Rural,Winter,3.31,5.0,20.73,81.0,7.88,0.0,30.3,RUR-102
2024-02-01,Rural,Winter,14.3,29.25,19.84,83.9,5.02,3.92,18.8,RUR-103
2024-02-02,Rural,Winter,13.38,21.94,27.73,74.0,1.83,0.0,27.8,RUR-100
2024-02-03,Rural,Winter,2.0,5.0,21.1,81.7,5.02,0.0,0.0,RUR-101
2024-02-04,Rural,Winter,18.26,31.27,19.38,76.3,1.39,0.0,33.9,RUR-102
2024-02-05,Rural,Winter,15.34,27.48,22.72,84.6,1.23,9.9,0.0,RUR-103
2024-02-06,Rural,Winter,13.48,29.88,20.06,83.3,2.55,0.0,16.6,RUR-100
2024-02-07,Rural,Winter,26.6,38.25,23.79,73.7,4.37,0.0,31.1,RUR-101
2024-02-08,Rural,Winter,21.63,48.16,24.71,83.2,3.12,1.15,23.8,RUR-102
2024-02-09,Rural,Winter,19.95,25.22,23.99,76.7,1.62,0.0,20.6,RUR-103
2024-02-10,Rural,Winter,15.98,41.2,25.16,82.9,0.52,3.09,39.4,RUR-100
2024-02-11,Rural,Winter,15.21,30.19,21.85,77.5,5.28,0.0,31.8,RUR-101
2024-02-12,Rural,Winter,19.18,30.76,24.3,72.1,0.58,3.72,25.6,RUR-102
2024-02-13,Rural,Winter,16.11,25.98,21.9,76.6,2.06,0.0,0.0,RUR-103
2024-02-14,Rural,Winter,21.51,44.29,17.41,86.3,1.95,0.0,28.1,RUR-100
2024-02-15,Rural,Winter,15.03,26.99,24.92,92.1,5.44,12.64,20.4,RUR-101
2024-02-16,Rural,Winter,9.03,21.91,23.41,91.3,2.98,7.23,22.6,RUR-102
2024-02-17,Rural,Winter,19.1,45.58,19.82,89.5,2.45,0.86,23.5,RUR-103
2024-02-18,Rural,Winter,2.0,9.62,23.37,72.9,9.3,0.72,26.6,RUR-100
2024-02-19,Rural,Winter,13.95,17.45,17.79,91.2,1.71,0.0,16.9,RUR-101
2024-02-20,Rural,Winter,11.64,10.26,21.57,87.3,0.8,0.0,27.9,RUR-102
2024-02-21,Rural,Winter,10.02,21.07,21.98,87.9,1.4,0.0,9.8,RUR-103
2024-02-22,Rural,Winter,10.78,21.96,21.66,91.4,6.54,0.0,17.5,RUR-100
2024-02-23,Rural,Winter,11.71,20.32,24.51,88.6,2.03,0.0,26.0,RUR-101
2024-02-24,Rural,Winter,14.48,24.84,19.89,93.2,2.33,0.0,11.8,RUR-102
2024-02-25,Rural,Winter,8.98,18.05,24.83,72.1,2.57,0.0,21.2,RUR-103
2024-02-26,Rural,Winter,12.16,24.52,20.46,78.5,0.72,0.0,19.4,RUR-100
2024-02-27,Rural,Winter,16.75,34.28,23.52,91.0,1.82,0.0,15.1,RUR-101
2024-02-28,Rural,Winter,4.9,5.0,23.0,89.7,2.21,0.0,9.7,RUR-102
2024-02-29,Rural,Winter,13.69,32.28,24.83,63.4,0.85,1.97,17.2,RUR-103
2024-03-01,Rural,Spring,20.85,44.04,27.32,80.4,1.29,0.0,4.7,RUR-100
2024-03-02,Rural,Spring,19.29,31.49,27.88,54.0,3.24,0.0,17.4,RUR-101
2024-03-03,Rural,Spring,15.53,16.89,27.15,78.2,2.94,0.08,5.0,RUR-102
2024-03-04,Rural,Spring,9.33,11.38,25.71,75.2,1.24,9.36,40.1,RUR-103
2024-03-05,Rural,Spring,30.09,48.24,25.98,77.8,1.92,2.89,15.2,RUR-100
2024-03-06,Rural,Spring,10.39,18.63,25.17,64.3,5.09,1.35,30.6,RUR-101
2024-03-07,Rural,Spring,17.97,32.53,26.13,65.0,2.84,4.23,3.6,RUR-102
2024-03-08,Rural,Spring,10.99,29.82,25.47,65.4,1.72,3.95,11.5,RUR-103
2024-03-09,Rural,Spring,12.2,23.03,28.69,84.1,3.88,0.0,16.0,RUR-100
2024-03-10,Rural,Spring,19.04,27.99,28.02,68.7,6.68,0.0,24.0,RUR-101
2024-03-11,Rural,Spring,11.07,26.12,26.88,72.9,1.84,3.05,16.7,RUR-102
2024-03-12,Rural,Spring,20.37,29.47,28.23,74.6,3.87,0.0,14.9,RUR-103
2024-03-13,Rural,Spring,12.58,17.93,27.24,91.1,0.39,0.0,1.5,RUR-100
2024-03-14,Rural,Spring,22.27,36.14,27.02,73.1,0.7,3.06,27.0,RUR-101
2024-03-15,Rural,Spring,5.7,7.34,24.73,78.8,2.4,4.88,41.1,RUR-102
2024-03-16,Rural,Spring,16.85,35.73,29.14,68.2,3.67,0.0,24.7,RUR-103
2024-03-17,Rural,Spring,10.81,23.1,29.41,80.6,4.28,4.86,5.5,RUR-100
2024-03-18,Rural,Spring,21.29,30.54,26.66,89.1,6.2,0.0,8.1,RUR-101
2024-03-19,Rural,Spring,8.59,18.16,25.04,66.8,4.02,8.18,54.7,RUR-102
2024-03-20,Rural,Spring,5.11,5.0,27.14,81.9,0.44,0.0,5.1,RUR-103
2024-03-21,Rural,Spring,19.19,39.71,25.82,71.5,3.45,0.82,28.7,RUR-100
2024-03-22,Rural,Spring,18.3,22.46,28.13,77.9,1.92,0.0,8.2,RUR-101
2024-03-23,Rural,Spring,11.29,25.44,24.34,86.8,2.77,0.0,27.7,RUR-102
2024-03-24,Rural,Spring,15.29,38.44,26.1,78.3,5.46,0.0,3.6,RUR-103
2024-03-25,Rural,Spring,3.81,5.0,22.08,83.2,8.38,0.35,40.0,RUR-100
2024-03-26,Rural,Spring,17.26,28.31,24.2,73.9,1.52,0.0,27.6,RUR-101
2024-03-27,Rural,Spring,2.46,5.0,28.91,85.7,5.2,0.0,0.0,RUR-102
2024-03-28,Rural,Spring,17.79,35.71,30.61,85.4,2.66,3.36,16.4,RUR-103
2024-03-29,Rural,Spring,2.0,5.0,29.57,66.5,4.34,2.19,14.1,RUR-100
2024-03-30,Rural,Spring,12.54,18.26,27.25,78.7,8.4,0.0,17.7,RUR-101
2024-03-31,Rural,Spring,11.69,16.55,30.1,70.1,8.74,0.0,30.3,RUR-102
2024-04-01,Rural,Spring,16.4,23.11,27.7,70.7,2.38,0.56,45.6,RUR-103
2024-04-02,Rural,Spring,22.34,46.32,24.09,75.6,3.04,0.0,20.7,RUR-100
2024-04-03,Rural,Spring,24.25,40.47,32.26,70.4,1.4,3.13,46.0,RUR-101
2024-04-04,Rural,Spring,22.72,39.75,31.33,62.4,2.14,13.16,0.0,RUR-102
2024-04-05,Rural,Spring,10.72,21.0,26.22,74.5,2.85,0.0,11.2,RUR-103
2024-04-06,Rural,Spring,13.64,21.4,24.3,91.0,3.46,0.0,16.0,RUR-100
2024-04-07,Rural,Spring,21.22,44.33,27.6,76.2,3.87,0.0,22.3,RUR-101
2024-04-08,Rural,Spring,8.61,11.82,25.16,77.9,5.84,1.91,7.3,RUR-102
2024-04-09,Rural,Spring,6.72,7.76,28.15,83.8,6.39,0.0,6.8,RUR-103
2024-04-10,Rural,Spring,17.63,35.94,26.03,74.2,1.53,0.0,32.1,RUR-100
2024-04-11,Rural,Spring,19.23,27.68,27.01,79.4,3.54,3.62,7.9,RUR-101
2024-04-12,Rural,Spring,21.87,27.92,29.79,68.9,2.6,0.38,2.9,RUR-102
2024-04-13,Rural,Spring,13.95,32.71,25.85,74.3,4.3,0.0,7.1,RUR-103
2024-04-14,Rural,Spring,8.55,19.17,29.06,69.9,7.89,0.0,33.9,RUR-100
2024-04-15,Rural,Spring,17.38,21.0,25.85,84.3,5.19,0.0,18.5,RUR-101
2024-04-16,Rural,Spring,16.52,24.62,27.52,86.8,7.08,0.0,21.4,RUR-102
2024-04-17,Rural,Spring,15.76,32.13,24.25,81.7,2.98,1.48,24.6,RUR-103
2024-04-18,Rural,Spring,9.8,8.84,25.4,81.3,4.11,6.59,18.6,RUR-100
2024-04-19,Rural,Spring,11.66,16.62,29.34,80.3,8.49,1.23,54.4,RUR-101
2024-04-20,Rural,Spring,6.54,9.37,28.84,75.4,7.7,0.0,21.2,RUR-102
2024-04-21,Rural,Spring,14.36,32.47,25.29,99.0,2.14,3.06,9.6,RUR-103
2024-04-22,Rural,Spring,8.22,18.15,25.58,81.0,1.27,4.86,7.0,RUR-100
2024-04-23,Rural,Spring,20.86,24.81,27.09,83.6,0.48,0.0,20.1,RUR-101
2024-04-24,Rural,Spring,8.61,8.12,25.43,82.9,4.17,0.0,6.2,RUR-102
2024-04-25,Rural,Spring,8.73,21.27,25.19,79.2,0.94,0.0,30.7,RUR-103
2024-04-26,Rural,Spring,13.44,20.73,25.74,87.5,2.07,5.13,23.1,RUR-100
2024-04-27,Rural,Spring,20.49,27.16,25.79,78.5,2.5,6.25,5.7,RUR-101
2024-04-28,Rural,Spring,2.08,5.0,31.92,82.5,6.4,0.0,0.0,RUR-102
2024-04-29,Rural,Spring,11.11,20.4,26.86,82.4,0.7,2.27,36.1,RUR-103
2024-04-30,Rural,Spring,9.88,17.27,29.41,81.9,4.77,1.91,31.4,RUR-100
2024-05-01,Rural,Spring,23.99,35.06,27.74,70.2,0.79,4.8,20.2,RUR-101
2024-05-02,Rural,Spring,13.33,21.44,26.19,80.6,1.56,0.98,7.5,RUR-102
2024-05-03,Rural,Spring,13.95,32.7,30.55,71.3,3.44,0.0,17.5,RUR-103
2024-05-04,Rural,Spring,4.77,5.86,26.61,74.6,0.39,9.46,29.5,RUR-100
2024-05-05,Rural,Spring,5.55,6.97,28.69,71.9,5.99,0.0,30.1,RUR-101
2024-05-06,Rural,Spring,19.18,28.74,26.52,79.9,1.78,0.0,11.0,RUR-102
2024-05-07,Rural,Spring,16.7,20.7,27.33,81.6,4.96,0.0,24.2,RUR-103
2024-05-08,Rural,Spring,20.9,26.33,25.89,83.2,2.29,5.81,31.0,RUR-100
2024-05-09,Rural,Spring,22.19,42.12,28.7,63.5,2.06,0.0,27.3,RUR-101
2024-05-10,Rural,Spring,11.53,15.81,25.52,76.2,2.65,0.0,0.0,RUR-102
2024-05-11,Rural,Spring,27.82,48.36,28.07,68.1,0.57,0.0,27.2,RUR-103
2024-05-12,Rural,Spring,17.09,29.72,27.56,78.5,3.79,0.0,18.8,RUR-100
2024-05-13,Rural,Spring,13.65,25.88,21.05,76.0,1.73,0.0,20.0,RUR-101
2024-05-14,Rural,Spring,16.51,19.22,28.07,66.5,2.67,0.0,21.6,RUR-102
2024-05-15,Rural,Spring,9.68,20.79,25.72,78.1,1.61,0.95,14.6,RUR-103
2024-05-16,Rural,Spring,13.81,22.77,31.13,69.6,2.48,0.0,17.7,RUR-100
2024-05-17,Rural,Spring,10.07,7.85,23.2,73.3,1.08,0.0,25.2,RUR-101
2024-05-18,Rural,Spring,8.19,23.84,27.88,83.5,1.47,1.96,0.0,RUR-102
2024-05-19,Rural,Spring,10.23,20.33,26.91,59.9,0.34,4.67,13.7,RUR-103
2024-05-20,Rural,Spring,10.07,19.47,27.3,87.0,2.63,1.28,30.8,RUR-100
2024-05-21,Rural,Spring,12.92,18.53,28.16,91.7,4.44,2.16,34.8,RUR-101
2024-05-22,Rural,Spring,16.52,27.12,25.57,79.1,2.11,5.64,41.8,RUR-102
2024-05-23,Rural,Spring,3.62,15.2,26.28,74.5,4.97,3.33,17.5,RUR-103
2024-05-24,Rural,Spring,20.52,34.39,30.22,68.7,3.09,0.0,15.3,RUR-100
2024-05-25,Rural,Spring,16.91,22.49,23.96,83.2,8.88,0.0,0.0,RUR-101
2024-05-26,Rural,Spring,15.4,29.31,29.41,80.4,0.82,0.0,0.0,RUR-102
2024-05-27,Rural,Spring,18.22,29.87,28.96,84.0,6.01,0.0,31.0,RUR-103
2024-05-28,Rural,Spring,15.27,34.73,24.33,71.4,2.11,0.0,35.3,RUR-100
2024-05-29,Rural,Spring,13.31,22.24,28.31,74.7,6.05,1.69,3.7,RUR-101
2024-05-30,Rural,Spring,20.92,41.39,28.2,68.4,3.72,1.14,10.5,RUR-102
2024-05-31,Rural,Spring,11.12,14.03,26.33,81.4,2.5,0.0,25.9,RUR-103
2024-06-01,Rural,Summer,13.83,24.27,28.97,88.8,3.42,6.84,0.0,RUR-100
2024-06-02,Rural,Summer,23.39,47.31,31.77,78.3,0.8,1.11,14.0,RUR-101
2024-06-03,Rural,Summer,24.09,46.67,30.66,78.4,2.14,0.0,37.3,RUR-102
2024-06-04,Rural,Summer,16.03,25.68,28.39,84.8,0.52,0.0,15.0,RUR-103
2024-06-05,Rural,Summer,29.42,41.36,32.58,75.0,0.87,1.94,34.6,RUR-100
2024-06-06,Rural,Summer,12.19,20.58,32.87,79.7,4.42,0.12,17.1,RUR-101
2024-06-07,Rural,Summer,15.62,38.33,32.23,63.6,4.05,0.0,18.9,RUR-102
2024-06-08,Rural,Summer,29.09,44.51,31.45,68.3,1.7,13.96,34.2,RUR-103
2024-06-09,Rural,Summer,33.08,75.65,30.06,71.0,0.48,0.0,29.6,RUR-100
2024-06-10,Rural,Summer,17.99,26.06,32.77,60.8,6.55,0.0,17.5,RUR-101
2024-06-11,Rural,Summer,11.43,18.23,26.92,84.3,5.62,0.0,22.2,RUR-102
2024-06-12,Rural,Summer,19.47,40.84,33.31,73.1,8.7,6.14,6.9,RUR-103
2024-06-13,Rural,Summer,24.29,40.88,29.56,74.8,2.3,0.0,14.8,RUR-100
2024-06-14,Rural,Summer,26.53,47.09,34.66,72.1,1.56,0.0,0.3,RUR-101
2024-06-15,Rural,Summer,18.6,42.26,34.14,75.2,4.61,0.0,25.5,RUR-102
2024-06-16,Rural,Summer,15.15,26.04,31.01,75.1,3.46,0.0,21.8,RUR-103
2024-06-17,Rural,Summer,3.21,15.09,27.18,78.4,3.66,0.0,24.8,RUR-100
2024-06-18,Rural,Summer,18.14,32.08,32.34,68.7,2.77,0.61,24.7,RUR-101
2024-06-19,Rural,Summer,8.47,10.94,28.33,80.0,11.54,6.7,26.6,RUR-102
2024-06-20,Rural,Summer,15.34,21.52,29.26,70.4,2.31,0.0,3.3,RUR-103
2024-06-21,Rural,Summer,15.59,33.66,32.15,72.5,2.29,0.0,16.3,RUR-100
2024-06-22,Rural,Summer,20.76,38.98,31.18,68.6,1.29,3.18,23.3,RUR-101
2024-06-23,Rural,Summer,21.46,37.14,33.06,81.1,2.43,0.0,20.7,RUR-102
2024-06-24,Rural,Summer,14.56,24.39,32.54,96.8,1.96,0.0,12.6,RUR-103
2024-06-25,Rural,Summer,16.43,32.92,27.51,71.0,0.52,0.0,51.6,RUR-100
2024-06-26,Rural,Summer,17.54,31.57,33.86,71.0,1.58,0.0,27.1,RUR-101
2024-06-27,Rural,Summer,21.29,41.48,31.87,60.2,1.85,4.55,21.6,RUR-102
2024-06-28,Rural,Summer,17.44,38.12,31.98,81.8,4.33,0.0,1.9,RUR-103
2024-06-29,Rural,Summer,5.17,14.73,29.01,79.9,2.48,9.95,22.5,RUR-100
2024-06-30,Rural,Summer,12.54,21.98,28.33,74.0,2.7,3.33,12.1,RUR-101
2024-07-01,Rural,Summer,17.34,22.25,27.75,75.6,0.55,0.0,28.1,RUR-102
2024-07-02,Rural,Summer,18.32,29.46,31.66,82.5,0.2,0.0,19.9,RUR-103
2024-07-03,Rural,Summer,15.03,28.17,29.84,73.7,5.48,4.75,17.2,RUR-100
2024-07-04,Rural,Summer,22.91,43.84,33.71,72.9,2.23,0.0,14.9,RUR-101
2024-07-05,Rural,Summer,18.65,36.23,28.87,93.4,2.29,0.0,35.2,RUR-102
2024-07-06,Rural,Summer,18.19,29.35,30.63,64.2,2.45,15.44,40.2,RUR-103
2024-07-07,Rural,Summer,13.47,17.82,32.91,67.4,3.91,0.0,1.8,RUR-100
2024-07-08,Rural,Summer,9.3,5.0,31.02,71.7,3.44,0.0,26.6,RUR-101
2024-07-09,Rural,Summer,10.32,10.37,31.92,87.8,3.26,0.0,18.2,RUR-102
2024-07-10,Rural,Summer,13.68,22.65,31.88,65.5,3.27,6.41,21.6,RUR-103
2024-07-11,Rural,Summer,12.76,15.99,29.34,76.4,1.15,0.0,14.9,RUR-100
2024-07-12,Rural,Summer,6.55,5.0,28.68,81.4,3.28,13.68,26.0,RUR-101
2024-07-13,Rural,Summer,31.93,50.13,27.49,68.7,1.09,0.0,34.2,RUR-102
2024-07-14,Rural,Summer,19.48,22.35,30.46,72.8,1.56,2.99,22.7,RUR-103
2024-07-15,Rural,Summer,9.91,19.84,31.03,82.1,4.43,1.11,0.8,RUR-100
2024-07-16,Rural,Summer,17.84,29.99,33.42,76.7,3.03,0.0,23.6,RUR-101
2024-07-17,Rural,Summer,2.39,5.0,29.16,81.7,5.77,0.0,33.7,RUR-102
2024-07-18,Rural,Summer,7.59,20.58,36.24,71.3,1.91,0.0,29.9,RUR-103
2024-07-19,Rural,Summer,11.55,17.67,29.18,86.6,6.11,0.0,12.5,RUR-100
2024-07-20,Rural,Summer,28.12,58.76,29.64,67.5,0.62,0.88,20.8,RUR-101
2024-07-21,Rural,Summer,12.77,18.97,30.44,81.3,4.39,0.0,14.9,RUR-102
2024-07-22,Rural,Summer,7.33,9.59,28.53,80.0,5.64,2.61,21.4,RUR-103
2024-07-23,Rural,Summer,17.34,29.57,29.51,84.0,2.17,12.43,3.0,RUR-100
2024-07-24,Rural,Summer,24.77,51.68,34.15,70.7,2.05,3.12,7.9,RUR-101
2024-07-25,Rural,Summer,16.76,30.31,34.79,74.1,2.4,1.17,29.6,RUR-102
2024-07-26,Rural,Summer,20.17,41.75,28.02,64.5,1.26,0.0,10.3,RUR-103
2024-07-27,Rural,Summer,28.55,49.02,29.98,80.3,3.92,0.0,19.9,RUR-100
2024-07-28,Rural,Summer,15.37,22.89,31.2,73.7,2.55,0.0,6.4,RUR-101
2024-07-29,Rural,Summer,20.0,38.16,31.13,82.0,2.43,3.28,11.5,RUR-102
2024-07-30,Rural,Summer,12.6,24.34,32.3,73.4,3.11,0.0,10.2,RUR-103
2024-07-31,Rural,Summer,17.45,23.97,30.84,74.3,0.25,0.0,16.1,RUR-100
2024-08-01,Rural,Summer,20.97,37.1,25.25,74.6,1.93,5.16,31.3,RUR-101
2024-08-02,Rural,Summer,32.4,44.57,30.96,68.5,0.51,0.0,27.1,RUR-102
2024-08-03,Rural,Summer,15.05,23.16,32.21,60.2,3.81,0.0,23.2,RUR-103
2024-08-04,Rural,Summer,26.17,53.19,35.07,69.7,4.4,2.35,33.3,RUR-100
2024-08-05,Rural,Summer,23.64,38.82,29.59,80.2,1.35,0.0,31.5,RUR-101
2024-08-06,Rural,Summer,22.65,33.07,32.61,66.0,3.36,0.0,16.9,RUR-102
2024-08-07,Rural,Summer,12.65,25.2,33.24,67.5,3.34,0.0,5.4,RUR-103
2024-08-08,Rural,Summer,17.19,32.13,31.67,73.4,1.95,0.0,0.0,RUR-100
2024-08-09,Rural,Summer,12.01,27.96,30.13,87.2,3.4,5.31,9.8,RUR-101
2024-08-10,Rural,Summer,16.39,20.5,32.0,63.7,0.81,0.0,1.9,RUR-102
2024-08-11,Rural,Summer,10.08,17.64,30.79,79.2,5.22,1.46,18.9,RUR-103
2024-08-12,Rural,Summer,9.46,17.17,31.74,57.8,1.38,1.31,19.0,RUR-100
2024-08-13,Rural,Summer,23.38,28.78,31.88,71.5,1.45,6.67,30.0,RUR-101
2024-08-14,Rural,Summer,12.98,25.16,29.15,78.4,0.56,11.72,21.8,RUR-102
2024-08-15,Rural,Summer,16.27,31.43,34.06,71.1,2.63,2.32,31.5,RUR-103
2024-08-16,Rural,Summer,24.24,48.78,30.71,74.2,6.24,2.26,23.7,RUR-100
2024-08-17,Rural,Summer,31.99,68.12,38.2,61.1,1.5,5.97,22.8,RUR-101
2024-08-18,Rural,Summer,15.78,21.98,32.55,66.4,6.34,2.84,25.2,RUR-102
2024-08-19,Rural,Summer,17.88,34.04,31.07,68.2,1.08,0.0,20.7,RUR-103
2024-08-20,Rural,Summer,12.84,12.11,34.22,70.9,1.87,5.71,0.0,RUR-100
2024-08-21,Rural,Summer,22.31,38.04,34.32,70.0,3.21,0.0,12.4,RUR-101
2024-08-22,Rural,Summer,18.99,38.16,31.75,83.8,2.28,0.0,5.0,RUR-102
2024-08-23,Rural,Summer,3.31,5.0,32.69,72.1,1.95,0.0,34.9,RUR-103
2024-08-24,Rural,Summer,16.42,22.79,34.72,67.1,1.52,6.69,23.0,RUR-100
2024-08-25,Rural,Summer,16.88,32.34,31.16,78.5,2.14,0.0,38.1,RUR-101
2024-08-26,Rural,Summer,19.36,38.79,29.69,75.9,2.61,0.0,43.1,RUR-102
2024-08-27,Rural,Summer,13.82,40.41,31.1,76.9,2.56,0.0,25.4,RUR-103
2024-01-01,Suburban,Winter,32.66,69.19,22.22,68.3,2.84,0.0,36.7,SUB-100
2024-01-02,Suburban,Winter,14.31,18.09,26.04,68.4,6.76,0.0,48.9,SUB-101
2024-01-03,Suburban,Winter,15.87,17.98,21.45,64.4,5.4,0.0,36.2,SUB-102
2024-01-04,Suburban,Winter,11.07,12.09,22.9,84.0,2.25,4.06,43.1,SUB-103
2024-01-05,Suburban,Winter,15.53,17.97,21.2,77.3,8.42,4.81,46.1,SUB-100
2024-01-06,Suburban,Winter,18.0,40.81,22.99,78.4,2.36,4.25,23.3,SUB-101
2024-01-07,Suburban,Winter,38.89,64.44,17.15,71.2,2.37,0.0,26.1,SUB-102
2024-01-08,Suburban,Winter,38.05,66.91,23.59,76.4,2.11,0.0,22.5,SUB-103
2024-01-09,Suburban,Winter,13.1,22.33,19.97,72.3,3.12,0.0,36.4,SUB-100
2024-01-10,Suburban,Winter,25.11,42.09,20.49,93.7,2.46,7.57,35.6,SUB-101
2024-01-11,Suburban,Winter,35.1,61.15,21.7,86.5,1.42,7.15,31.6,SUB-102
2024-01-12,Suburban,Winter,32.0,55.12,24.54,85.0,0.73,0.0,30.0,SUB-103
2024-01-13,Suburban,Winter,41.47,57.36,18.71,81.9,0.55,3.91,46.5,SUB-100
2024-01-14,Suburban,Winter,12.77,15.02,18.93,74.5,3.3,1.55,41.6,SUB-101
2024-01-15,Suburban,Winter,11.37,19.07,22.04,91.6,2.63,13.82,39.0,SUB-102
2024-01-16,Suburban,Winter,23.61,30.58,20.63,79.1,1.66,4.92,46.6,SUB-103
2024-01-17,Suburban,Winter,26.7,61.66,23.18,79.6,2.06,4.32,32.2,SUB-100
2024-01-18,Suburban,Winter,26.57,51.29,20.51,85.4,3.14,1.59,51.1,SUB-101
2024-01-19,Suburban,Winter,27.89,51.97,22.5,80.6,1.57,0.0,29.4,SUB-102
2024-01-20,Suburban,Winter,2.87,5.0,20.38,73.6,3.28,0.0,36.3,SUB-103
2024-01-21,Suburban,Winter,30.57,52.67,24.39,68.5,4.45,2.63,61.2,SUB-100
2024-01-22,Suburban,Winter,29.42,59.73,21.42,79.4,5.88,0.0,43.1,SUB-101
2024-01-23,Suburban,Winter,31.13,49.5,18.17,74.2,3.27,0.13,42.9,SUB-102
2024-01-24,Suburban,Winter,8.81,14.18,20.45,92.8,4.76,0.0,63.5,SUB-103
2024-01-25,Suburban,Winter,6.06,14.89,22.66,71.2,4.17,0.0,45.3,SUB-100
2024-01-26,Suburban,Winter,15.75,31.4,16.07,93.9,2.88,9.69,53.9,SUB-101
2024-01-27,Suburban,Winter,29.18,48.7,25.57,81.1,3.6,0.0,26.9,SUB-102
2024-01-28,Suburban,Winter,30.28,66.71,23.1,80.7,0.2,0.87,49.7,SUB-103
2024-01-29,Suburban,Winter,17.72,33.64,22.96,88.2,3.37,3.81,12.7,SUB-100
2024-01-30,Suburban,Winter,37.92,59.88,22.33,90.5,2.09,4.09,48.1,SUB-101
2024-01-31,Suburban,Winter,32.22,57.1,25.4,80.3,2.09,0.98,46.4,SUB-102
2024-02-01,Suburban,Winter,28.14,51.04,24.6,94.0,4.31,0.0,41.4,SUB-103
2024-02-02,Suburban,Winter,22.46,33.67,24.85,69.6,1.87,8.95,65.9,SUB-100
2024-02-03,Suburban,Winter,12.95,28.15,15.81,76.1,12.0,10.04,28.7,SUB-101
2024-02-04,Suburban,Winter,6.05,7.67,22.85,75.6,4.43,0.0,29.6,SUB-102
2024-02-05,Suburban,Winter,19.78,40.51,22.69,70.4,1.81,0.0,60.2,SUB-103
2024-02-06,Suburban,Winter,15.29,25.84,20.16,81.0,1.41,0.0,39.2,SUB-100
2024-02-07,Suburban,Winter,15.94,21.43,22.32,79.5,1.28,2.4,34.5,SUB-101
2024-02-08,Suburban,Winter,38.5,49.69,20.47,99.0,4.7,0.0,51.5,SUB-102
2024-02-09,Suburban,Winter,30.98,41.95,23.23,80.9,3.18,8.68,46.6,SUB-103
2024-02-10,Suburban,Winter,12.56,23.02,22.22,75.3,1.6,0.0,33.5,SUB-100
2024-02-11,Suburban,Winter,27.2,45.76,24.44,81.3,3.15,5.47,40.5,SUB-101
2024-02-12,Suburban,Winter,30.94,60.68,22.02,86.7,1.78,0.0,45.2,SUB-102
2024-02-13,Suburban,Winter,14.91,36.17,20.23,85.9,3.52,4.21,55.3,SUB-103
2024-02-14,Suburban,Winter,22.13,38.8,21.21,83.2,2.92,5.78,31.1,SUB-100
2024-02-15,Suburban,Winter,20.1,19.78,21.29,72.4,3.29,0.0,40.1,SUB-101
2024-02-16,Suburban,Winter,19.43,30.47,21.99,74.2,4.74,0.0,41.4,SUB-102
2024-02-17,Suburban,Winter,5.77,11.12,21.59,82.7,4.34,2.03,29.4,SUB-103
2024-02-18,Suburban,Winter,14.88,28.81,18.86,96.6,1.61,16.14,52.3,SUB-100
2024-02-19,Suburban,Winter,30.39,52.88,22.66,92.9,5.66,0.2,30.1,SUB-101
2024-02-20,Suburban,Winter,13.13,20.05,16.17,81.2,4.07,0.0,50.6,SUB-102
2024-02-21,Suburban,Winter,10.41,18.8,21.23,90.7,1.3,10.89,42.8,SUB-103
2024-02-22,Suburban,Winter,26.87,53.95,23.27,65.8,2.43,0.0,31.4,SUB-100
2024-02-23,Suburban,Winter,18.69,38.89,21.06,81.2,3.79,0.0,53.7,SUB-101
2024-02-24,Suburban,Winter,22.69,22.42,20.75,80.6,2.74,10.29,41.8,SUB-102
2024-02-25,Suburban,Winter,37.83,70.83,21.68,85.2,0.76,0.0,33.9,SUB-103
2024-02-26,Suburban,Winter,2.37,5.0,21.0,79.0,5.92,0.0,26.2,SUB-100
2024-02-27,Suburban,Winter,26.14,37.82,20.38,65.3,1.11,0.0,46.8,SUB-101
2024-02-28,Suburban,Winter,21.68,30.42,21.9,87.4,4.75,11.22,33.1,SUB-102
2024-02-29,Suburban,Winter,14.68,21.92,18.12,80.8,5.68,2.57,34.3,SUB-103
2024-03-01,Suburban,Spring,23.45,35.0,28.47,80.6,1.28,0.0,31.2,SUB-100
2024-03-02,Suburban,Spring,35.03,60.32,27.4,66.3,0.93,0.0,36.7,SUB-101
2024-03-03,Suburban,Spring,22.85,50.37,25.81,80.3,1.59,0.0,47.3,SUB-102
2024-03-04,Suburban,Spring,19.65,37.55,29.59,80.3,0.69,6.53,32.0,SUB-103
2024-03-05,Suburban,Spring,37.85,56.71,27.68,73.4,2.66,0.0,67.3,SUB-100
2024-03-06,Suburban,Spring,34.6,61.48,26.79,71.3,3.69,0.0,28.9,SUB-101
2024-03-07,Suburban,Spring,14.31,35.65,27.62,84.8,2.02,6.18,44.2,SUB-102
2024-03-08,Suburban,Spring,38.62,74.22,27.71,88.9,5.2,0.0,31.1,SUB-103
2024-03-09,Suburban,Spring,19.79,25.93,27.56,63.7,4.19,0.0,46.4,SUB-100
2024-03-10,Suburban,Spring,36.84,62.86,31.16,86.0,3.35,0.0,52.1,SUB-101
2024-03-11,Suburban,Spring,18.28,36.17,29.47,92.4,2.77,0.53,49.3,SUB-102
2024-03-12,Suburban,Spring,21.18,34.88,25.93,72.8,2.86,0.0,28.7,SUB-103
2024-03-13,Suburban,Spring,31.86,60.26,29.18,54.2,1.85,2.52,43.8,SUB-100
2024-03-14,Suburban,Spring,24.77,41.05,27.43,63.4,8.19,3.96,47.0,SUB-101
2024-03-15,Suburban,Spring,34.83,71.35,23.57,78.9,1.68,0.0,47.1,SUB-102
2024-03-16,Suburban,Spring,27.43,38.58,25.04,76.5,2.08,1.55,47.1,SUB-103
2024-03-17,Suburban,Spring,37.59,51.99,25.21,80.9,4.41,0.0,25.1,SUB-100
2024-03-18,Suburban,Spring,20.28,38.11,25.88,68.5,4.69,0.0,55.1,SUB-101
2024-03-19,Suburban,Spring,31.74,45.56,26.73,76.2,4.53,5.08,55.9,SUB-102
2024-03-20,Suburban,Spring,24.63,43.52,23.76,85.0,1.4,0.0,28.5,SUB-103
2024-03-21,Suburban,Spring,31.18,45.41,22.32,91.2,4.75,5.57,42.0,SUB-100
2024-03-22,Suburban,Spring,25.26,30.18,25.39,78.6,2.58,3.81,37.3,SUB-101
2024-03-23,Suburban,Spring,31.89,65.96,24.85,76.9,2.09,0.0,16.6,SUB-102
2024-03-24,Suburban,Spring,29.47,50.8,26.89,92.8,2.12,0.0,42.5,SUB-103
2024-03-25,Suburban,Spring,36.56,49.39,24.84,73.6,2.81,0.0,50.5,SUB-100
2024-03-26,Suburban,Spring,30.67,54.61,31.47,77.2,3.64,12.87,42.0,SUB-101
2024-03-27,Suburban,Spring,25.04,31.05,24.92,70.5,1.27,4.34,54.5,SUB-102
2024-03-28,Suburban,Spring,23.95,44.85,26.16,75.8,3.96,2.51,39.2,SUB-103
2024-03-29,Suburban,Spring,14.16,25.89,28.77,74.7,1.48,0.0,44.1,SUB-100
2024-03-30,Suburban,Spring,15.22,29.38,30.26,79.3,6.22,0.0,43.0,SUB-101
2024-03-31,Suburban,Spring,28.14,42.5,25.81,75.5,3.49,0.0,35.0,SUB-102
2024-04-01,Suburban,Spring,25.61,58.79,29.37,62.5,2.83,0.0,32.9,SUB-103
2024-04-02,Suburban,Spring,28.31,35.04,27.1,88.2,4.09,0.0,34.2,SUB-100
2024-04-03,Suburban,Spring,6.55,15.77,23.74,92.3,2.97,12.39,33.6,SUB-101
2024-04-04,Suburban,Spring,25.92,44.93,28.6,75.7,1.87,0.0,66.7,SUB-102
2024-04-05,Suburban,Spring,16.88,30.04,25.53,72.9,2.46,0.0,78.0,SUB-103
2024-04-06,Suburban,Spring,30.58,54.51,27.24,68.9,2.82,0.0,45.9,SUB-100
2024-04-07,Suburban,Spring,16.09,19.19,24.42,74.1,2.22,0.0,36.3,SUB-101
2024-04-08,Suburban,Spring,31.63,56.84,23.77,71.3,1.93,2.22,46.6,SUB-102
2024-04-09,Suburban,Spring,31.04,65.94,25.43,72.1,5.64,1.35,49.2,SUB-103
2024-04-10,Suburban,Spring,23.44,40.12,29.22,79.2,2.71,0.0,46.4,SUB-100
2024-04-11,Suburban,Spring,20.82,46.29,31.5,69.7,2.18,0.0,46.0,SUB-101
2024-04-12,Suburban,Spring,35.13,60.8,28.73,82.9,5.2,0.0,80.9,SUB-102
2024-04-13,Suburban,Spring,26.98,33.9,30.14,89.2,6.58,0.43,26.9,SUB-103
2024-04-14,Suburban,Spring,23.42,38.81,28.15,83.9,3.68,3.44,30.2,SUB-100
2024-04-15,Suburban,Spring,16.94,26.72,25.34,85.4,5.36,0.0,49.1,SUB-101
2024-04-16,Suburban,Spring,34.22,56.22,26.03,93.8,0.65,0.0,30.1,SUB-102
2024-04-17,Suburban,Spring,23.28,38.86,25.32,85.8,7.67,7.77,31.2,SUB-103
2024-04-18,Suburban,Spring,15.98,38.71,25.37,78.0,3.99,8.07,32.8,SUB-100
2024-04-19,Suburban,Spring,18.72,31.35,30.97,76.1,2.06,0.0,50.6,SUB-101
2024-04-20,Suburban,Spring,25.18,42.18,26.94,86.0,4.35,0.0,18.8,SUB-102
2024-04-21,Suburban,Spring,25.39,46.91,25.15,78.7,7.13,1.39,32.2,SUB-103
2024-04-22,Suburban,Spring,31.86,51.5,27.67,90.5,5.34,0.13,51.5,SUB-100
2024-04-23,Suburban,Spring,16.28,27.68,27.44,78.1,0.34,0.0,34.0,SUB-101
2024-04-24,Suburban,Spring,8.25,14.51,25.76,80.5,2.25,0.0,52.4,SUB-102
2024-04-25,Suburban,Spring,38.53,71.74,25.9,79.2,8.29,0.0,45.5,SUB-103
2024-04-26,Suburban,Spring,26.56,39.21,30.92,81.0,3.25,0.0,34.5,SUB-100
2024-04-27,Suburban,Spring,25.72,47.62,26.45,85.7,5.73,0.0,34.0,SUB-101
2024-04-28,Suburban,Spring,10.19,20.51,26.42,70.3,2.13,2.72,24.9,SUB-102
2024-04-29,Suburban,Spring,33.8,67.22,27.96,86.2,0.48,0.42,38.3,SUB-103
2024-04-30,Suburban,Spring,33.46,58.22,29.54,63.2,2.67,4.56,48.1,SUB-100
2024-05-01,Suburban,Spring,14.28,17.49,29.99,62.5,3.97,0.0,38.9,SUB-101
2024-05-02,Suburban,Spring,35.25,50.79,26.91,83.2,1.59,0.89,43.2,SUB-102
2024-05-03,Suburban,Spring,24.64,39.47,24.61,87.0,1.2,0.0,34.9,SUB-103
2024-05-04,Suburban,Spring,9.6,24.98,24.07,85.0,2.51,0.0,33.5,SUB-100
2024-05-05,Suburban,Spring,25.93,51.55,26.56,70.7,7.62,2.75,33.3,SUB-101
2024-05-06,Suburban,Spring,17.43,33.48,28.98,80.7,2.32,7.86,40.3,SUB-102
2024-05-07,Suburban,Spring,22.84,27.58,27.82,84.3,2.09,0.0,47.7,SUB-103
2024-05-08,Suburban,Spring,26.87,45.93,28.4,83.7,1.15,3.78,35.6,SUB-100
2024-05-09,Suburban,Spring,6.67,6.66,31.2,69.2,1.14,3.7,38.9,SUB-101
2024-05-10,Suburban,Spring,19.73,23.15,27.78,72.1,3.91,0.0,32.8,SUB-102
2024-05-11,Suburban,Spring,30.02,58.57,27.16,69.7,1.75,0.0,44.1,SUB-103
2024-05-12,Suburban,Spring,33.51,58.76,25.64,75.0,1.92,2.84,59.1,SUB-100
2024-05-13,Suburban,Spring,27.16,47.89,25.23,85.3,2.32,0.0,47.5,SUB-101
2024-05-14,Suburban,Spring,16.88,36.73,28.34,76.2,2.94,0.0,28.1,SUB-102
2024-05-15,Suburban,Spring,39.38,83.99,27.29,80.2,3.94,1.02,41.2,SUB-103
2024-05-16,Suburban,Spring,22.91,47.61,24.79,84.5,2.32,1.96,34.4,SUB-100
2024-05-17,Suburban,Spring,9.63,16.39,25.73,67.4,7.12,7.05,47.4,SUB-101
2024-05-18,Suburban,Spring,9.84,19.8,24.33,78.0,3.01,0.0,37.9,SUB-102
2024-05-19,Suburban,Spring,31.33,60.45,27.89,73.1,1.31,0.0,46.6,SUB-103
2024-05-20,Suburban,Spring,24.09,49.36,27.35,72.7,4.42,1.36,30.1,SUB-100
2024-05-21,Suburban,Spring,23.14,54.53,28.01,79.4,2.27,2.8,45.5,SUB-101
2024-05-22,Suburban,Spring,29.16,59.31,27.83,76.2,0.87,0.0,43.2,SUB-102
2024-05-23,Suburban,Spring,22.43,45.58,25.5,89.9,4.38,14.21,40.7,SUB-103
2024-05-24,Suburban,Spring,31.44,65.29,27.42,82.5,0.53,0.0,56.7,SUB-100
2024-05-25,Suburban,Spring,34.62,57.95,28.48,91.9,0.35,1.68,8.7,SUB-101
2024-05-26,Suburban,Spring,30.43,69.45,29.53,78.8,3.9,0.0,19.7,SUB-102
2024-05-27,Suburban,Spring,13.14,25.65,23.67,72.6,0.6,0.0,46.7,SUB-103
2024-05-28,Suburban,Spring,29.19,53.01,26.62,62.0,2.03,0.72,44.0,SUB-100
2024-05-29,Suburban,Spring,29.95,61.27,29.2,75.3,3.27,0.0,34.2,SUB-101
2024-05-30,Suburban,Spring,28.09,42.57,26.33,75.2,1.76,10.37,46.6,SUB-102
2024-05-31,Suburban,Spring,39.41,55.06,26.16,70.9,1.14,9.87,60.4,SUB-103
2024-06-01,Suburban,Summer,26.84,44.85,30.23,73.3,6.44,0.0,68.4,SUB-100
2024-06-02,Suburban,Summer,26.98,50.65,30.39,84.5,3.93,0.0,30.1,SUB-101
2024-06-03,Suburban,Summer,19.02,32.39,29.25,83.0,11.26,1.83,39.1,SUB-102
2024-06-04,Suburban,Summer,28.68,52.18,31.34,81.2,2.65,5.88,43.8,SUB-103
2024-06-05,Suburban,Summer,22.67,35.89,28.06,59.5,2.68,2.97,42.5,SUB-100
2024-06-06,Suburban,Summer,30.17,51.3,27.08,86.4,4.37,0.0,49.0,SUB-101
2024-06-07,Suburban,Summer,36.02,70.42,27.7,71.1,2.37,0.43,45.9,SUB-102
2024-06-08,Suburban,Summer,31.96,55.75,29.13,74.6,3.28,0.0,70.9,SUB-103
2024-06-09,Suburban,Summer,34.08,54.42,31.29,70.9,7.22,5.66,43.8,SUB-100
2024-06-10,Suburban,Summer,23.84,38.65,36.58,74.2,2.84,0.0,57.7,SUB-101
2024-06-11,Suburban,Summer,15.26,35.76,29.86,75.2,7.67,0.0,31.1,SUB-102
2024-06-12,Suburban,Summer,30.67,50.13,30.03,84.6,1.14,0.0,69.3,SUB-103
2024-06-13,Suburban,Summer,14.6,20.33,27.93,82.4,5.39,0.0,37.5,SUB-100
2024-06-14,Suburban,Summer,23.9,39.31,35.16,76.2,3.87,1.63,51.3,SUB-101
2024-06-15,Suburban,Summer,11.33,23.16,31.75,71.5,0.81,14.17,39.5,SUB-102
2024-06-16,Suburban,Summer,20.54,26.55,30.14,71.2,1.01,4.56,44.4,SUB-103
2024-06-17,Suburban,Summer,27.41,55.92,29.3,75.7,0.72,3.4,38.6,SUB-100
2024-06-18,Suburban,Summer,36.69,46.88,33.12,85.3,3.86,0.0,54.1,SUB-101
2024-06-19,Suburban,Summer,38.07,69.94,30.4,81.6,2.57,1.9,57.8,SUB-102
2024-06-20,Suburban,Summer,45.1,99.38,29.66,62.6,2.1,0.07,47.5,SUB-103
2024-06-21,Suburban,Summer,35.75,79.45,31.05,64.7,5.37,0.0,34.2,SUB-100
2024-06-22,Suburban,Summer,43.24,87.33,30.89,74.6,4.41,3.97,46.4,SUB-101
2024-06-23,Suburban,Summer,30.74,49.94,34.75,88.7,5.6,1.73,39.4,SUB-102
2024-06-24,Suburban,Summer,25.8,40.86,31.11,72.3,2.32,3.3,62.6,SUB-103
2024-06-25,Suburban,Summer,32.14,63.48,34.01,86.2,3.02,0.0,40.2,SUB-100
2024-06-26,Suburban,Summer,18.07,23.38,31.99,72.1,2.18,0.0,74.5,SUB-101
2024-06-27,Suburban,Summer,24.59,37.28,32.97,78.5,2.96,0.0,33.7,SUB-102
2024-06-28,Suburban,Summer,11.14,7.95,28.53,82.6,3.11,6.35,19.9,SUB-103
2024-06-29,Suburban,Summer,7.71,6.99,26.99,84.2,1.26,1.56,80.5,SUB-100
2024-06-30,Suburban,Summer,38.09,57.77,30.55,76.3,1.23,8.57,24.6,SUB-101
2024-07-01,Suburban,Summer,25.26,54.39,30.85,90.3,5.71,0.06,41.0,SUB-102
2024-07-02,Suburban,Summer,18.6,27.98,30.56,74.9,5.99,0.0,37.3,SUB-103
2024-07-03,Suburban,Summer,25.48,49.52,34.3,71.4,4.21,0.0,48.8,SUB-100
2024-07-04,Suburban,Summer,10.97,24.63,26.33,85.2,3.11,0.22,30.4,SUB-101
2024-07-05,Suburban,Summer,2.0,5.0,27.96,78.6,2.51,0.0,49.3,SUB-102
2024-07-06,Suburban,Summer,29.08,54.77,30.59,78.5,0.56,5.16,51.2,SUB-103
2024-07-07,Suburban,Summer,23.59,37.87,27.68,85.5,2.31,1.99,21.5,SUB-100
2024-07-08,Suburban,Summer,39.98,68.32,31.2,69.7,4.61,0.0,46.2,SUB-101
2024-07-09,Suburban,Summer,44.92,64.42,29.6,73.4,3.8,0.0,51.1,SUB-102
2024-07-10,Suburban,Summer,24.72,46.25,32.71,73.5,4.67,0.0,52.0,SUB-103
2024-07-11,Suburban,Summer,24.46,36.6,35.38,71.6,4.05,0.0,29.4,SUB-100
2024-07-12,Suburban,Summer,30.03,41.34,31.34,78.8,7.18,0.0,49.7,SUB-101
2024-07-13,Suburban,Summer,42.35,78.78,28.07,83.1,3.21,0.0,10.9,SUB-102
2024-07-14,Suburban,Summer,12.59,24.89,29.21,58.4,3.37,9.87,29.1,SUB-103
2024-07-15,Suburban,Summer,31.54,51.12,29.49,77.7,0.84,0.0,35.8,SUB-100
2024-07-16,Suburban,Summer,43.36,89.27,33.2,73.3,2.04,0.0,35.3,SUB-101
2024-07-17,Suburban,Summer,30.75,60.41,36.38,82.2,1.46,7.71,39.4,SUB-102
2024-07-18,Suburban,Summer,36.49,64.93,28.11,67.7,1.79,0.0,66.0,SUB-103
2024-07-19,Suburban,Summer,23.11,37.55,27.81,83.2,3.67,4.35,46.9,SUB-100
2024-07-20,Suburban,Summer,23.29,52.72,27.77,82.8,2.57,1.13,17.0,SUB-101
2024-07-21,Suburban,Summer,20.06,48.07,35.32,72.1,4.89,0.0,35.8,SUB-102
2024-07-22,Suburban,Summer,12.61,13.87,29.24,66.6,2.24,4.93,67.1,SUB-103
2024-07-23,Suburban,Summer,32.65,46.1,31.63,69.5,2.75,0.0,61.4,SUB-100
2024-07-24,Suburban,Summer,44.85,71.6,35.58,82.9,0.43,0.0,27.6,SUB-101
2024-07-25,Suburban,Summer,20.21,31.13,25.26,69.8,2.68,0.38,18.7,SUB-102
2024-07-26,Suburban,Summer,15.66,30.01,31.15,88.6,2.2,0.0,52.3,SUB-103
2024-07-27,Suburban,Summer,25.64,40.21,30.0,74.5,4.6,0.0,33.0,SUB-100
2024-07-28,Suburban,Summer,37.05,63.1,30.58,74.8,0.57,6.28,32.7,SUB-101
2024-07-29,Suburban,Summer,20.16,31.29,33.19,75.4,4.36,7.91,41.9,SUB-102
2024-07-30,Suburban,Summer,24.69,48.12,30.31,75.6,4.35,0.0,38.4,SUB-103
2024-07-31,Suburban,Summer,24.68,30.66,31.02,81.9,2.43,0.0,40.1,SUB-100
2024-08-01,Suburban,Summer,41.01,80.78,29.83,84.8,2.55,0.0,56.7,SUB-101
2024-08-02,Suburban,Summer,23.93,40.77,34.99,74.5,2.13,0.0,54.1,SUB-102
2024-08-03,Suburban,Summer,25.29,37.08,31.03,66.1,1.15,0.0,47.7,SUB-103
2024-08-04,Suburban,Summer,9.14,34.18,31.94,83.5,2.46,0.0,46.5,SUB-100
2024-08-05,Suburban,Summer,26.9,56.55,30.74,81.1,7.19,0.0,16.1,SUB-101
2024-08-06,Suburban,Summer,16.78,34.26,31.62,64.4,5.75,0.0,42.9,SUB-102
2024-08-07,Suburban,Summer,36.96,65.41,29.77,66.6,0.42,0.0,43.3,SUB-103
2024-08-08,Suburban,Summer,42.66,83.86,30.48,66.7,5.0,6.59,22.6,SUB-100
2024-08-09,Suburban,Summer,28.27,54.2,27.82,81.4,5.72,0.0,45.6,SUB-101
2024-08-10,Suburban,Summer,25.25,48.39,29.83,68.3,4.96,14.39,39.0,SUB-102
2024-08-11,Suburban,Summer,26.94,37.14,30.73,71.7,5.08,0.0,59.3,SUB-103
2024-08-12,Suburban,Summer,24.62,38.29,26.96,80.5,0.78,0.0,42.4,SUB-100
2024-08-13,Suburban,Summer,25.83,34.78,28.83,85.8,3.35,11.42,49.7,SUB-101
2024-08-14,Suburban,Summer,37.3,63.33,29.72,88.2,2.27,10.08,50.8,SUB-102
2024-08-15,Suburban,Summer,19.14,35.53,30.43,75.6,1.73,2.75,62.5,SUB-103
2024-08-16,Suburban,Summer,12.29,26.77,35.66,68.6,2.86,0.0,43.7,SUB-100
2024-08-17,Suburban,Summer,44.07,61.59,30.14,68.4,4.27,0.0,48.1,SUB-101
2024-08-18,Suburban,Summer,45.79,84.45,31.93,73.9,0.75,0.0,41.9,SUB-102
2024-08-19,Suburban,Summer,11.4,27.32,28.74,82.1,5.28,0.0,42.3,SUB-103
2024-08-20,Suburban,Summer,28.54,57.75,30.45,66.3,1.56,0.0,52.8,SUB-100
2024-08-21,Suburban,Summer,25.8,40.22,28.77,87.2,2.35,0.23,40.9,SUB-101
2024-08-22,Suburban,Summer,23.17,34.94,30.89,87.0,4.93,0.0,56.9,SUB-102
2024-08-23,Suburban,Summer,35.25,57.84,34.38,75.7,3.03,0.01,55.1,SUB-103
2024-08-24,Suburban,Summer,28.45,55.36,33.73,72.6,2.68,3.8,61.5,SUB-100
2024-08-25,Suburban,Summer,27.25,53.62,31.69,72.0,3.3,4.42,34.0,SUB-101
2024-08-26,Suburban,Summer,17.06,34.07,33.84,81.1,2.12,14.56,42.9,SUB-102
2024-08-27,Suburban,Summer,11.27,18.22,34.21,78.8,3.12,0.0,30.0,SUB-103
2024-01-11,Urban,Winter,18.68,22.71,23.46,78.7,1.88,1.4,49.8,URB-102
2024-01-12,Urban,Winter,21.67,29.72,20.01,78.6,5.97,0.0,78.9,URB-103
