patient_id,treatment,age,sex,biomarker,baseline_score,followup_score,survival_days,event
P0000,Control,70,Female,7.47,49.7,46.4,83.3,1
P0001,Control,51,Male,17.41,31.5,33.5,30.2,1
P0002,Control,36,Male,12.27,51.5,50.4,46.4,1
P0003,Control,58,Male,10.99,47.4,55.5,75.2,1
P0004,Intervention,42,Male,14.08,53.2,58.5,180.0,0
P0005,Intervention,49,Male,10.35,44.1,54.6,27.1,1
P0006,Control,56,Male,12.51,40.0,42.7,127.2,1
P0007,Control,65,Female,6.95,40.3,33.4,50.5,1
P0008,Intervention,46,Female,16.2,42.6,48.4,33.2,1
P0009,Intervention,50,Male,12.03,48.2,47.1,17.3,1
P0010,Intervention,36,Female,16.46,49.5,55.1,44.6,1
P0011,Intervention,50,Male,11.7,46.1,47.9,89.0,1
P0012,Intervention,59,Male,11.92,43.8,52.4,79.3,1
P0013,Intervention,61,Male,8.16,44.5,42.7,114.2,1
P0014,Intervention,46,Female,15.06,73.1,79.5,69.3,1
P0015,Intervention,36,Male,9.33,40.3,50.0,56.3,1
P0016,Control,59,Female,10.3,42.4,49.4,46.2,1
P0017,Intervention,62,Male,12.4,80.9,82.7,81.3,1
P0018,Intervention,37,Male,12.82,52.2,58.6,116.4,1
P0019,Control,56,Male,6.03,34.2,36.8,38.7,1
P0020,Control,38,Male,11.19,56.4,67.2,117.4,1
P0021,Intervention,53,Female,15.18,38.9,36.3,62.1,1
P0022,Intervention,62,Female,11.08,57.1,57.9,49.5,1
P0023,Intervention,65,Male,11.61,45.9,69.0,57.5,1
P0024,Intervention,65,Female,12.97,43.6,48.3,139.9,1
P0025,Intervention,67,Female,11.96,64.1,59.0,70.6,1
P0026,Control,44,Male,8.39,53.7,51.7,46.0,1
P0027,Control,71,Male,11.87,57.7,42.6,85.6,1
P0028,Control,49,Male,15.48,52.3,55.3,180.0,0
P0029,Control,50,Male,8.32,43.6,49.9,71.2,1
P0030,Intervention,68,Female,11.09,54.1,54.9,148.2,1
P0031,Intervention,48,Male,7.56,60.1,63.6,162.4,1
P0032,Control,37,Male,15.29,49.3,56.4,51.8,1
P0033,Control,65,Female,11.68,66.0,57.0,55.4,1
P0034,Intervention,63,Female,9.42,56.5,54.9,39.0,1
P0035,Intervention,59,Male,12.72,50.1,55.1,73.5,1
P0036,Intervention,40,Male,8.19,50.5,52.3,70.5,1
P0037,Control,61,Female,8.38,49.4,49.1,45.5,1
P0038,Intervention,42,Female,7.29,35.5,34.2,64.6,1
P0039,Intervention,58,Female,8.67,47.1,54.7,71.0,1
P0040,Intervention,56,Female,17.15,50.2,55.6,113.6,1
P0041,Intervention,67,Female,9.83,43.8,53.4,71.1,1
P0042,Intervention,76,Male,14.03,51.4,58.9,24.9,1
P0043,Control,42,Male,9.07,48.2,51.0,45.6,1
P0044,Control,39,Female,14.66,55.7,48.6,30.7,1
P0045,Control,58,Female,8.41,54.6,59.1,67.0,1
P0046,Intervention,75,Female,12.54,49.7,54.0,92.5,1
P0047,Intervention,40,Male,12.58,34.3,39.6,114.6,1
P0048,Control,55,Male,20.15,65.9,73.7,39.1,1
P0049,Control,51,Female,14.21,46.6,43.8,71.9,1
P0050,Control,47,Female,9.92,47.2,56.8,50.5,1
P0051,Control,63,Male,14.4,44.6,54.7,29.8,1
P0052,Intervention,47,Male,19.88,43.1,53.9,139.5,1
P0053,Intervention,55,Male,6.7,63.4,63.9,134.3,1
P0054,Control,71,Female,9.05,61.9,50.2,86.7,1
P0055,Control,50,Male,11.17,52.4,60.4,45.4,1
P0056,Intervention,34,Male,10.94,46.9,53.9,180.0,0
P0057,Intervention,72,Male,11.24,54.2,56.0,55.1,1
P0058,Control,46,Female,7.44,48.7,57.3,94.6,1
P0059,Control,68,Male,16.91,46.1,42.4,40.0,1
P0060,Control,67,Female,7.02,51.4,50.3,47.3,1
P0061,Control,57,Male,11.3,43.6,48.2,15.6,1
P0062,Intervention,37,Male,16.06,50.5,50.1,86.8,1
P0063,Intervention,75,Male,12.29,50.0,55.7,73.7,1
P0064,Intervention,63,Male,8.97,54.0,66.9,63.1,1
P0065,Control,52,Female,7.28,41.8,44.6,163.4,1
P0066,Control,71,Male,11.2,55.1,64.1,27.1,1
P0067,Control,68,Female,9.35,38.9,47.2,38.9,1
P0068,Intervention,67,Female,13.12,42.3,48.6,46.2,1
P0069,Intervention,41,Male,7.49,42.7,35.0,72.2,1
P0070,Control,61,Male,14.85,37.3,32.1,100.2,1
P0071,Intervention,46,Female,12.8,58.2,69.0,180.0,0
P0072,Control,37,Male,12.66,38.3,30.5,49.1,1
P0073,Intervention,48,Male,17.44,41.0,45.4,61.7,1
P0074,Control,38,Female,10.47,60.6,64.1,37.8,1
P0075,Intervention,38,Male,9.86,42.3,57.4,180.0,0
P0076,Intervention,65,Male,10.48,46.1,49.0,143.5,1
P0077,Control,56,Female,11.33,37.9,35.5,56.4,1
P0078,Control,51,Male,11.68,56.3,57.5,29.1,1
P0079,Control,42,Male,9.09,56.5,60.1,33.5,1
P0080,Control,67,Male,4.92,55.4,56.0,58.8,1
P0081,Intervention,61,Male,10.44,53.4,66.0,109.1,1
P0082,Intervention,59,Male,13.66,48.7,50.2,26.4,1
P0083,Intervention,42,Male,12.88,42.8,49.8,81.7,1
P0084,Control,39,Male,16.2,39.9,44.0,172.4,1
P0085,Intervention,39,Male,19.24,60.9,64.8,89.2,1
P0086,Control,35,Male,14.66,55.6,62.2,167.2,1
P0087,Control,76,Male,16.84,41.1,43.5,69.9,1
P0088,Intervention,50,Male,15.08,48.4,59.4,49.6,1
P0089,Control,62,Male,17.98,45.0,47.7,47.9,1
P0090,Intervention,77,Male,18.88,36.7,45.3,64.0,1
P0091,Control,75,Male,15.33,49.8,47.5,29.3,1
P0092,Control,48,Female,14.47,43.8,41.6,38.0,1
P0093,Intervention,55,Female,11.68,38.5,52.1,180.0,0
P0094,Intervention,54,Male,12.26,33.2,43.3,50.5,1
P0095,Intervention,35,Male,11.22,32.4,32.5,180.0,0
P0096,Control,67,Female,14.17,44.3,46.9,42.1,1
P0097,Control,59,Male,9.48,47.1,34.4,57.2,1
P0098,Control,50,Female,11.33,39.2,37.3,86.4,1
P0099,Control,58,Female,3.76,54.5,61.8,42.1,1
P0100,Intervention,66,Female,18.43,47.3,52.9,104.8,1
P0101,Control,34,Female,11.23,53.8,56.0,24.2,1
P0102,Control,62,Male,13.59,46.2,29.6,71.7,1
P0103,Control,71,Male,17.1,40.1,39.3,13.2,1
P0104,Control,65,Female,13.05,49.1,52.7,48.2,1
P0105,Intervention,61,Female,17.46,35.4,44.5,129.0,1
P0106,Intervention,37,Female,8.05,53.4,65.5,144.4,1
P0107,Intervention,66,Male,20.79,38.6,43.7,37.6,1
P0108,Intervention,67,Female,16.2,57.2,62.5,39.9,1
P0109,Control,55,Female,12.73,44.6,38.1,41.3,1
P0110,Control,59,Female,16.99,58.6,58.9,64.2,1
P0111,Intervention,61,Female,8.31,36.8,35.5,26.4,1
P0112,Control,39,Male,10.99,41.2,31.6,70.3,1
P0113,Intervention,45,Male,17.45,51.8,51.6,112.3,1
P0114,Control,68,Female,5.47,59.7,70.3,45.3,1
P0115,Control,76,Female,13.96,64.7,64.5,65.3,1
P0116,Control,45,Male,13.86,48.4,51.2,75.4,1
P0117,Control,51,Female,18.89,66.4,64.8,46.6,1
P0118,Intervention,74,Male,6.86,45.1,40.7,24.4,1
P0119,Control,41,Male,17.63,59.0,66.1,74.7,1
P0120,Control,45,Female,10.04,38.6,27.0,39.5,1
P0121,Control,36,Male,10.44,52.2,50.4,53.1,1
P0122,Control,44,Male,7.72,24.6,25.8,87.7,1
P0123,Intervention,61,Female,8.59,36.8,44.5,175.8,1
P0124,Intervention,49,Male,13.81,52.7,54.6,89.0,1
P0125,Intervention,77,Male,8.51,34.9,30.1,93.2,1
P0126,Control,73,Male,14.59,52.3,49.0,22.8,1
P0127,Control,73,Male,9.68,57.1,54.1,57.7,1
P0128,Control,65,Male,7.75,43.0,39.8,52.8,1
P0129,Control,64,Male,10.15,38.3,45.6,108.4,1
P0130,Intervention,56,Male,13.58,43.3,42.3,63.0,1
P0131,Intervention,77,Female,11.43,38.3,46.4,60.2,1
P0132,Intervention,38,Male,12.52,47.0,54.2,180.0,0
P0133,Control,65,Female,14.44,49.0,56.3,51.9,1
P0134,Control,40,Male,15.79,44.9,45.6,38.1,1
P0135,Intervention,48,Male,11.31,64.7,75.8,180.0,0
P0136,Control,45,Female,8.35,40.8,41.3,36.8,1
P0137,Intervention,60,Male,12.67,61.9,70.8,78.6,1
P0138,Control,68,Male,13.65,37.6,30.1,64.1,1
P0139,Intervention,37,Female,7.29,48.7,39.2,118.8,1
P0140,Intervention,60,Male,9.28,59.8,68.4,73.4,1
P0141,Intervention,43,Male,9.88,59.3,68.2,87.2,1
P0142,Control,37,Male,11.27,43.8,48.2,63.5,1
P0143,Intervention,52,Female,9.74,53.6,56.7,47.8,1
P0144,Intervention,59,Male,14.87,52.2,67.5,180.0,0
P0145,Intervention,42,Male,6.78,42.6,46.1,86.4,1
P0146,Control,51,Female,6.47,54.2,58.2,87.2,1
P0147,Control,75,Male,10.83,66.6,71.7,41.1,1
P0148,Intervention,49,Male,11.79,52.7,69.3,74.8,1
P0149,Control,77,Male,6.91,53.7,53.3,37.7,1
P0150,Control,70,Female,9.88,54.7,52.3,22.1,1
P0151,Control,50,Male,10.6,33.4,25.9,58.1,1
P0152,Control,59,Male,10.62,52.6,63.4,46.3,1
P0153,Control,65,Female,12.53,37.8,41.9,104.0,1
P0154,Control,54,Female,9.68,42.1,46.3,31.6,1
P0155,Control,51,Male,17.17,69.6,89.8,45.7,1
P0156,Control,48,Male,13.71,45.5,48.9,39.5,1
P0157,Control,40,Female,9.18,40.6,34.3,155.0,1
P0158,Control,35,Male,12.33,59.5,59.9,45.7,1
P0159,Control,48,Male,12.43,38.5,34.2,88.2,1
P0160,Control,69,Female,16.25,43.5,42.7,89.4,1
P0161,Control,44,Male,9.9,60.5,59.6,62.2,1
P0162,Control,41,Male,14.69,48.4,46.4,32.5,1
P0163,Control,48,Female,12.15,32.4,25.5,30.6,1
P0164,Control,60,Female,17.22,53.4,64.5,92.1,1
P0165,Intervention,43,Female,16.92,44.0,52.1,48.3,1
P0166,Control,43,Male,12.69,63.4,63.5,84.4,1
P0167,Intervention,38,Female,11.48,41.9,52.8,108.1,1
P0168,Intervention,48,Male,14.17,58.5,67.6,113.0,1
P0169,Intervention,43,Female,11.77,65.8,73.7,125.1,1
P0170,Intervention,70,Female,18.28,39.5,49.9,44.1,1
P0171,Intervention,73,Female,12.67,46.1,53.2,41.8,1
P0172,Intervention,50,Male,10.98,51.9,62.2,133.4,1
P0173,Intervention,37,Male,10.79,39.4,50.2,72.5,1
P0174,Control,37,Female,7.75,50.7,53.2,15.9,1
P0175,Intervention,48,Male,14.35,45.8,50.7,131.2,1
P0176,Control,54,Male,9.13,45.5,56.2,34.5,1
P0177,Control,57,Male,15.84,48.5,47.1,76.5,1
P0178,Intervention,47,Female,7.87,48.7,57.4,180.0,0
P0179,Intervention,49,Male,12.85,49.6,58.4,91.8,1
P0180,Control,46,Male,16.03,42.0,39.9,114.2,1
P0181,Control,56,Male,4.47,42.4,39.1,65.0,1
P0182,Intervention,64,Male,19.46,46.8,51.0,180.0,0
P0183,Intervention,35,Female,10.91,47.6,50.9,58.3,1
P0184,Control,55,Male,12.49,43.6,36.4,60.1,1
P0185,Intervention,62,Male,14.4,51.2,53.6,115.6,1
P0186,Control,63,Male,14.54,29.9,32.9,50.2,1
P0187,Control,58,Male,12.96,40.7,49.8,110.4,1
P0188,Control,57,Female,15.49,45.2,50.0,46.6,1
P0189,Intervention,63,Male,14.22,39.4,30.1,180.0,0
P0190,Control,50,Female,18.16,64.3,69.6,180.0,0
P0191,Control,58,Male,13.83,48.2,46.3,68.4,1
P0192,Control,48,Male,18.88,49.8,54.0,87.7,1
P0193,Control,53,Male,15.15,43.2,44.6,118.6,1
P0194,Intervention,39,Female,6.08,47.8,53.0,52.3,1
P0195,Control,49,Male,21.14,35.8,36.7,31.1,1
P0196,Intervention,40,Female,10.39,46.3,52.5,180.0,0
P0197,Control,43,Male,17.23,38.6,48.2,79.1,1
P0198,Control,52,Male,12.09,45.2,46.6,54.9,1
P0199,Control,56,Female,15.71,22.4,30.4,60.1,1
P0200,Control,75,Male,9.59,36.7,43.9,13.3,1
P0201,Intervention,35,Male,14.59,62.6,72.9,94.2,1
P0202,Control,73,Female,11.11,56.3,47.1,33.3,1
P0203,Intervention,48,Female,17.93,61.2,74.2,152.2,1
P0204,Intervention,65,Female,13.94,61.9,65.4,133.9,1
P0205,Control,63,Female,15.28,54.7,60.5,76.5,1
P0206,Control,76,Male,4.43,43.5,39.1,60.8,1
P0207,Intervention,38,Male,12.1,37.6,36.8,44.5,1
P0208,Control,76,Male,13.44,59.5,72.8,67.7,1
P0209,Control,36,Female,12.78,48.6,44.4,103.1,1
P0210,Control,72,Male,15.36,72.9,81.3,101.0,1
P0211,Control,62,Male,10.72,44.3,46.6,180.0,0
P0212,Control,55,Male,12.17,67.7,66.7,23.8,1
P0213,Intervention,51,Female,16.53,46.4,52.5,72.0,1
P0214,Intervention,38,Female,4.42,61.4,59.9,67.5,1
P0215,Intervention,69,Male,14.46,65.0,71.2,81.8,1
P0216,Control,66,Male,10.83,37.8,32.8,54.5,1
P0217,Control,75,Female,8.81,43.2,42.3,43.4,1
P0218,Intervention,66,Male,13.58,37.7,49.5,135.0,1
P0219,Control,76,Male,16.3,35.7,38.7,26.7,1
P0220,Control,73,Male,15.64,54.7,47.3,28.4,1
P0221,Intervention,52,Female,11.93,46.0,57.4,50.2,1
P0222,Control,64,Male,15.07,48.5,50.0,45.2,1
P0223,Intervention,45,Female,15.44,53.6,56.6,48.1,1
P0224,Control,68,Male,11.69,29.4,35.4,51.6,1
P0225,Control,60,Female,9.57,60.9,61.4,52.4,1
P0226,Intervention,53,Female,10.18,44.5,43.8,56.7,1
P0227,Control,61,Male,14.93,53.3,65.9,91.9,1
P0228,Intervention,46,Male,12.25,54.2,60.4,90.7,1
P0229,Control,61,Male,8.34,61.7,62.7,101.9,1
P0230,Control,54,Male,6.1,47.0,46.0,54.7,1
P0231,Intervention,48,Male,15.31,26.8,40.1,90.6,1
P0232,Intervention,76,Male,10.49,48.6,51.7,50.9,1
P0233,Intervention,36,Female,13.56,50.0,47.0,103.1,1
P0234,Intervention,67,Male,16.74,37.7,39.9,112.4,1
P0235,Intervention,43,Female,7.82,49.5,63.7,77.0,1
P0236,Intervention,43,Male,12.24,44.4,55.7,128.4,1
P0237,Control,40,Female,11.4,34.6,34.5,44.8,1
P0238,Intervention,38,Female,13.73,54.7,69.3,154.1,1
P0239,Intervention,39,Male,16.74,42.4,53.2,73.0,1
P0240,Control,70,Female,7.35,43.9,43.8,83.0,1
P0241,Intervention,74,Male,14.39,43.4,48.7,73.2,1
P0242,Control,59,Female,15.61,60.4,63.8,133.8,1
P0243,Control,34,Female,11.35,47.6,44.1,39.5,1
P0244,Control,72,Male,11.52,48.8,50.3,22.6,1
P0245,Intervention,60,Male,13.86,43.6,51.7,58.0,1
P0246,Control,56,Male,13.21,52.6,44.0,27.9,1
P0247,Control,75,Male,14.04,61.5,61.9,23.1,1
P0248,Control,52,Male,13.96,54.5,54.2,87.5,1
P0249,Control,49,Female,8.56,54.9,62.5,63.9,1
P0250,Control,68,Male,15.47,54.1,44.5,40.7,1
P0251,Intervention,57,Female,16.48,34.2,38.2,67.8,1
P0252,Intervention,65,Female,13.05,39.2,42.6,55.8,1
P0253,Control,64,Female,6.77,46.0,53.2,136.7,1
P0254,Intervention,70,Female,12.0,40.7,46.8,49.2,1
P0255,Intervention,47,Female,13.08,37.4,54.4,44.8,1
P0256,Control,37,Male,7.99,29.3,34.8,111.9,1
P0257,Intervention,55,Female,11.14,34.5,38.4,76.0,1
P0258,Intervention,62,Male,7.47,45.4,53.2,180.0,0
P0259,Control,69,Male,14.13,47.3,46.7,39.3,1
