item_1,item_2,item_3,item_4,item_5,item_6,item_7,item_8,group
3,4,5,5,5,4,5,4,C
5,4,5,4,4,3,5,4,C
2,3,3,4,3,3,3,3,A
3,3,3,2,4,3,4,3,C
4,4,5,5,5,5,4,4,A
5,5,5,4,3,3,3,3,B
3,2,3,2,2,1,2,3,C
3,2,2,3,3,2,4,3,C
1,2,3,3,2,1,2,1,B
5,4,5,4,4,4,3,5,C
5,4,3,4,5,1,3,4,B
4,5,3,3,4,3,4,3,A
2,3,3,3,3,3,2,2,A
2,4,3,2,4,3,4,2,C
3,3,3,3,3,4,3,3,C
3,2,4,3,3,2,3,3,C
3,3,3,4,3,2,4,3,B
4,4,3,4,4,5,4,4,A
5,5,5,5,4,5,5,5,C
4,4,3,4,4,4,2,3,A
4,4,4,5,5,3,4,4,C
2,3,2,3,3,3,4,5,B
3,2,2,1,2,2,3,2,B
3,4,4,4,4,4,3,2,B
1,3,3,2,2,4,2,1,C
4,3,3,3,4,4,4,4,C
4,3,2,3,3,3,3,4,A
1,2,2,2,1,1,2,2,B
4,5,5,5,5,4,5,5,C
3,3,3,3,2,4,3,4,A
3,3,2,3,2,2,1,2,C
4,4,4,4,3,4,3,4,A
2,3,4,2,4,3,3,3,B
5,5,4,3,3,5,3,5,C
3,2,2,3,2,3,3,3,B
4,3,3,2,3,3,2,3,A
3,4,5,3,3,4,5,4,A
3,4,3,4,3,3,5,5,C
5,4,4,5,4,4,3,4,C
4,4,3,3,2,4,4,4,A
5,3,4,4,3,4,3,4,C
4,4,4,4,4,5,4,4,B
3,4,4,4,4,4,5,4,A
4,2,3,4,4,4,3,4,B
1,3,3,1,3,2,2,3,C
5,3,4,4,4,4,3,4,A
4,4,3,4,2,3,4,3,C
4,3,3,3,3,3,1,3,B
4,4,3,4,5,5,4,4,B
2,2,3,3,3,3,2,2,C
5,5,5,5,5,5,4,5,B
3,4,4,5,3,4,4,2,A
3,3,4,5,3,5,5,4,C
4,3,3,3,5,4,2,3,B
3,3,2,2,1,4,4,2,B
3,4,4,1,3,2,2,5,C
4,2,5,4,4,5,5,3,A
4,5,5,3,4,3,4,3,C
4,4,4,4,3,3,3,3,B
2,2,2,2,3,2,2,1,B
3,2,3,3,3,3,2,3,B
5,4,4,5,5,4,5,5,C
3,3,2,3,2,2,2,3,A
4,4,4,5,5,5,4,4,A
3,3,3,3,3,3,2,2,B
3,3,3,2,4,4,3,3,A
4,4,3,4,5,5,3,3,A
3,2,3,3,3,3,2,4,B
5,5,4,5,4,4,4,4,C
4,3,3,3,5,3,4,3,C
4,5,4,4,5,4,4,4,A
3,5,3,3,2,3,5,3,C
5,5,4,4,4,4,2,3,B
5,5,5,5,5,5,5,5,A
3,3,2,4,3,3,3,3,C
5,5,3,5,5,5,5,5,B
2,3,3,3,2,3,4,3,B
4,3,4,5,4,4,4,5,B
4,5,4,3,3,4,4,4,C
2,4,2,2,2,3,2,2,A
5,4,3,3,4,5,4,3,A
3,3,4,4,3,4,2,3,B
3,2,3,4,4,4,3,3,A
5,2,5,3,4,3,4,3,B
4,4,3,3,5,4,3,5,B
3,2,3,3,3,4,3,3,A
3,4,5,4,3,5,3,3,B
2,3,3,3,5,2,4,3,B
3,2,4,3,3,3,5,2,B
3,4,4,3,3,4,4,3,A
3,3,4,3,4,1,3,2,C
5,5,5,5,4,5,5,5,C
2,2,3,3,3,3,3,2,B
3,3,3,3,3,3,2,4,A
2,1,3,4,4,3,2,3,C
4,3,5,5,5,4,5,4,A
2,4,4,4,3,2,3,2,A
4,5,5,5,4,3,3,4,A
5,4,4,4,3,3,3,4,C
4,3,4,3,5,3,4,4,A
3,4,4,5,3,4,4,3,B
5,5,4,5,3,4,5,4,A
4,3,4,3,4,4,2,2,A
4,4,5,4,5,3,5,5,B
1,2,2,3,2,2,1,3,C
5,3,3,4,4,3,2,3,A
2,3,4,2,2,3,3,3,A
4,4,3,4,3,2,3,3,A
2,2,4,1,1,1,2,2,C
4,4,4,4,4,3,4,4,A
4,2,2,2,1,2,2,2,A
4,4,3,4,3,4,3,5,B
2,4,3,3,3,1,3,4,A
4,3,4,3,4,3,3,4,A
4,5,4,4,4,3,5,5,B
4,3,4,4,4,4,4,4,B
3,4,5,5,5,5,4,5,A
4,5,5,4,4,4,3,4,C
3,4,3,3,2,3,3,4,A
5,3,5,5,5,5,4,5,C
1,2,3,2,3,3,2,3,A
4,5,4,3,5,3,4,4,A
3,3,3,2,3,3,2,4,A
4,3,2,2,2,2,4,2,C
4,4,3,2,4,4,4,5,B
3,4,4,5,4,5,4,4,C
4,5,4,4,4,3,3,3,A
3,4,3,4,3,4,4,3,A
4,5,3,2,3,4,4,2,A
4,4,3,3,4,4,3,4,B
4,3,4,4,3,4,4,3,A
4,4,3,5,3,4,3,4,C
3,3,3,3,3,3,2,4,C
3,4,3,5,5,5,3,4,A
3,2,3,2,3,2,3,2,B
3,3,2,3,2,2,3,2,B
2,3,3,3,3,1,3,2,C
4,3,5,3,5,4,3,5,B
5,5,5,4,4,4,5,5,B
2,3,2,4,1,3,3,3,A
3,4,4,4,4,2,3,3,B
3,4,3,5,5,4,4,4,C
3,2,1,2,3,2,2,2,B
4,3,3,4,3,2,3,3,A
3,4,5,4,5,4,4,4,A
2,2,2,2,1,1,1,1,A
2,2,2,3,3,3,3,2,C
4,5,5,4,4,5,4,5,A
4,4,3,4,5,5,3,3,B
4,4,3,3,5,4,4,4,B
4,5,4,5,5,4,4,4,A
4,3,4,4,3,3,3,2,C
4,3,4,3,4,4,4,4,C
3,4,3,2,4,3,4,2,C
3,3,3,2,2,3,4,4,C
3,4,3,3,2,3,3,3,C
5,4,5,4,5,4,4,5,C
5,5,5,5,4,4,5,5,B
5,5,4,5,4,3,3,4,C
2,3,3,3,3,4,4,2,B
2,3,3,3,3,4,2,2,A
5,5,4,5,4,3,3,4,B
5,5,4,2,3,4,4,5,B
4,4,5,4,5,4,5,4,A
3,3,2,3,4,3,4,4,C
4,4,5,5,4,4,4,4,C
2,3,2,4,3,2,3,3,B
5,5,4,3,4,4,3,4,B
5,5,4,4,4,5,5,5,C
4,5,5,4,5,5,4,5,B
4,4,4,5,3,4,3,3,C
2,2,2,3,2,2,3,4,B
5,4,3,4,3,4,3,3,A
5,5,5,5,4,5,5,5,C
3,3,3,4,4,3,2,1,A
4,4,3,4,4,4,4,4,A
4,4,2,5,5,5,4,5,C
4,5,4,4,3,3,4,4,C
5,5,5,5,5,5,5,5,C
2,2,4,4,3,2,2,3,C
